321.6969E-12;50.0000E-3;-28.0903E-12;000.0000E+0;254.8268E-12;300.0000E-3;-32.3515E-12;000.0000E+0;123.6105E-12;550.0000E-3;-36.1988E-12;000.0000E+0;187.9570E-12;800.0000E-3;-39.8763E-12;000.0000E+0;296.4629E-12;1.0500E+0;-42.8133E-12;000.0000E+0;;;;;;;;;;;;;;;;;;;;;;;;;;;;;;;;;;;;;;;;;;;;;;;;;;;;;;;;;;;;;;;;;;;;;;;;;;;;;;;;;;;;;;;;;;;;;;;;;;;;;;;;;;;;;;;;;;;;;;;;;;;;;;;;;;;;;;;;;;;;;;;;;;;;;;;;;;;;;;;;;;;;;;;;;;;;;;;;;;;;;;;;;;;;;;;;;;;;;;;;;;;;;;;;;;;;;;;;;;;;;;;;;;;;;;;;;;;;
189.2186E-12;50.0000E-3;796.8300E-12;5.0000E-3;214.0321E-12;300.0000E-3;910.1611E-12;5.0000E-3;231.6958E-12;550.0000E-3;989.4986E-12;5.0000E-3;152.2091E-12;800.0000E-3;1.0650E-9;5.0000E-3;204.7795E-12;1.0500E+0;1.1489E-9;5.0000E-3;;;;;;;;;;;;;;;;;;;;;;;;;;;;;;;;;;;;;;;;;;;;;;;;;;;;;;;;;;;;;;;;;;;;;;;;;;;;;;;;;;;;;;;;;;;;;;;;;;;;;;;;;;;;;;;;;;;;;;;;;;;;;;;;;;;;;;;;;;;;;;;;;;;;;;;;;;;;;;;;;;;;;;;;;;;;;;;;;;;;;;;;;;;;;;;;;;;;;;;;;;;;;;;;;;;;;;;;;;;;;;;;;;;;;;;;;;;;
217.3965E-12;50.0000E-3;1.6254E-9;10.0000E-3;344.4072E-12;300.0000E-3;1.8541E-9;10.0000E-3;281.3225E-12;550.0000E-3;2.0123E-9;10.0000E-3;87.4421E-12;800.0000E-3;2.1628E-9;10.0000E-3;61.7875E-12;1.0500E+0;2.3153E-9;10.0000E-3;;;;;;;;;;;;;;;;;;;;;;;;;;;;;;;;;;;;;;;;;;;;;;;;;;;;;;;;;;;;;;;;;;;;;;;;;;;;;;;;;;;;;;;;;;;;;;;;;;;;;;;;;;;;;;;;;;;;;;;;;;;;;;;;;;;;;;;;;;;;;;;;;;;;;;;;;;;;;;;;;;;;;;;;;;;;;;;;;;;;;;;;;;;;;;;;;;;;;;;;;;;;;;;;;;;;;;;;;;;;;;;;;;;;;;;;;;;;
186.2748E-12;50.0000E-3;2.4441E-9;15.0000E-3;345.2485E-12;300.0000E-3;2.7854E-9;15.0000E-3;275.8551E-12;550.0000E-3;3.0213E-9;15.0000E-3;130.3395E-12;800.0000E-3;3.2344E-9;15.0000E-3;199.7329E-12;1.0500E+0;3.4420E-9;15.0000E-3;;;;;;;;;;;;;;;;;;;;;;;;;;;;;;;;;;;;;;;;;;;;;;;;;;;;;;;;;;;;;;;;;;;;;;;;;;;;;;;;;;;;;;;;;;;;;;;;;;;;;;;;;;;;;;;;;;;;;;;;;;;;;;;;;;;;;;;;;;;;;;;;;;;;;;;;;;;;;;;;;;;;;;;;;;;;;;;;;;;;;;;;;;;;;;;;;;;;;;;;;;;;;;;;;;;;;;;;;;;;;;;;;;;;;;;;;;;;
236.3221E-12;50.0000E-3;3.2512E-9;20.0000E-3;265.7616E-12;300.0000E-3;3.6907E-9;20.0000E-3;230.8547E-12;550.0000E-3;4.0053E-9;20.0000E-3;94.5917E-12;800.0000E-3;4.2621E-9;20.0000E-3;142.9565E-12;1.0500E+0;4.5688E-9;20.0000E-3;;;;;;;;;;;;;;;;;;;;;;;;;;;;;;;;;;;;;;;;;;;;;;;;;;;;;;;;;;;;;;;;;;;;;;;;;;;;;;;;;;;;;;;;;;;;;;;;;;;;;;;;;;;;;;;;;;;;;;;;;;;;;;;;;;;;;;;;;;;;;;;;;;;;;;;;;;;;;;;;;;;;;;;;;;;;;;;;;;;;;;;;;;;;;;;;;;;;;;;;;;;;;;;;;;;;;;;;;;;;;;;;;;;;;;;;;;;;
284.6869E-12;50.0000E-3;4.0460E-9;25.0000E-3;339.7811E-12;300.0000E-3;4.5943E-9;25.0000E-3;176.1813E-12;550.0000E-3;4.9754E-9;25.0000E-3;174.4991E-12;800.0000E-3;5.3197E-9;25.0000E-3;38.6564E-12;1.0500E+0;5.6653E-9;25.0000E-3;;;;;;;;;;;;;;;;;;;;;;;;;;;;;;;;;;;;;;;;;;;;;;;;;;;;;;;;;;;;;;;;;;;;;;;;;;;;;;;;;;;;;;;;;;;;;;;;;;;;;;;;;;;;;;;;;;;;;;;;;;;;;;;;;;;;;;;;;;;;;;;;;;;;;;;;;;;;;;;;;;;;;;;;;;;;;;;;;;;;;;;;;;;;;;;;;;;;;;;;;;;;;;;;;;;;;;;;;;;;;;;;;;;;;;;;;;;;
206.4620E-12;50.0000E-3;4.8285E-9;30.0000E-3;248.9391E-12;300.0000E-3;5.5034E-9;30.0000E-3;144.2182E-12;550.0000E-3;5.9372E-9;30.0000E-3;193.8449E-12;800.0000E-3;6.2828E-9;30.0000E-3;35.7125E-12;1.0500E+0;6.7092E-9;30.0000E-3;;;;;;;;;;;;;;;;;;;;;;;;;;;;;;;;;;;;;;;;;;;;;;;;;;;;;;;;;;;;;;;;;;;;;;;;;;;;;;;;;;;;;;;;;;;;;;;;;;;;;;;;;;;;;;;;;;;;;;;;;;;;;;;;;;;;;;;;;;;;;;;;;;;;;;;;;;;;;;;;;;;;;;;;;;;;;;;;;;;;;;;;;;;;;;;;;;;;;;;;;;;;;;;;;;;;;;;;;;;;;;;;;;;;;;;;;;;;
273.3318E-12;50.0000E-3;5.6050E-9;35.0000E-3;312.8648E-12;300.0000E-3;6.3563E-9;35.0000E-3;176.1813E-12;550.0000E-3;6.8466E-9;35.0000E-3;178.7046E-12;800.0000E-3;7.3142E-9;35.0000E-3;-19.3816E-12;1.0500E+0;7.7018E-9;35.0000E-3;;;;;;;;;;;;;;;;;;;;;;;;;;;;;;;;;;;;;;;;;;;;;;;;;;;;;;;;;;;;;;;;;;;;;;;;;;;;;;;;;;;;;;;;;;;;;;;;;;;;;;;;;;;;;;;;;;;;;;;;;;;;;;;;;;;;;;;;;;;;;;;;;;;;;;;;;;;;;;;;;;;;;;;;;;;;;;;;;;;;;;;;;;;;;;;;;;;;;;;;;;;;;;;;;;;;;;;;;;;;;;;;;;;;;;;;;;;;
279.2198E-12;50.0000E-3;6.3848E-9;40.0000E-3;360.3886E-12;300.0000E-3;7.1989E-9;40.0000E-3;153.0500E-12;550.0000E-3;7.7630E-9;40.0000E-3;194.6860E-12;800.0000E-3;8.2281E-9;40.0000E-3;150.9473E-12;1.0500E+0;8.7279E-9;40.0000E-3;;;;;;;;;;;;;;;;;;;;;;;;;;;;;;;;;;;;;;;;;;;;;;;;;;;;;;;;;;;;;;;;;;;;;;;;;;;;;;;;;;;;;;;;;;;;;;;;;;;;;;;;;;;;;;;;;;;;;;;;;;;;;;;;;;;;;;;;;;;;;;;;;;;;;;;;;;;;;;;;;;;;;;;;;;;;;;;;;;;;;;;;;;;;;;;;;;;;;;;;;;;;;;;;;;;;;;;;;;;;;;;;;;;;;;;;;;;;
231.2752E-12;50.0000E-3;7.1330E-9;45.0000E-3;373.4264E-12;300.0000E-3;8.0425E-9;45.0000E-3;125.2929E-12;550.0000E-3;8.6551E-9;45.0000E-3;267.0233E-12;800.0000E-3;9.1799E-9;45.0000E-3;178.2841E-12;1.0500E+0;9.7224E-9;45.0000E-3;;;;;;;;;;;;;;;;;;;;;;;;;;;;;;;;;;;;;;;;;;;;;;;;;;;;;;;;;;;;;;;;;;;;;;;;;;;;;;;;;;;;;;;;;;;;;;;;;;;;;;;;;;;;;;;;;;;;;;;;;;;;;;;;;;;;;;;;;;;;;;;;;;;;;;;;;;;;;;;;;;;;;;;;;;;;;;;;;;;;;;;;;;;;;;;;;;;;;;;;;;;;;;;;;;;;;;;;;;;;;;;;;;;;;;;;;;;;
297.3040E-12;50.0000E-3;7.8464E-9;50.0000E-3;272.4907E-12;300.0000E-3;8.7966E-9;50.0000E-3;163.9848E-12;550.0000E-3;9.4846E-9;50.0000E-3;121.0871E-12;800.0000E-3;10.0387E-9;50.0000E-3;181.2279E-12;1.0500E+0;10.6605E-9;50.0000E-3;;;;;;;;;;;;;;;;;;;;;;;;;;;;;;;;;;;;;;;;;;;;;;;;;;;;;;;;;;;;;;;;;;;;;;;;;;;;;;;;;;;;;;;;;;;;;;;;;;;;;;;;;;;;;;;;;;;;;;;;;;;;;;;;;;;;;;;;;;;;;;;;;;;;;;;;;;;;;;;;;;;;;;;;;;;;;;;;;;;;;;;;;;;;;;;;;;;;;;;;;;;;;;;;;;;;;;;;;;;;;;;;;;;;;;;;;;;;
289.7338E-12;50.0000E-3;8.5979E-9;55.0000E-3;262.8178E-12;300.0000E-3;9.5752E-9;55.0000E-3;241.7895E-12;550.0000E-3;10.3209E-9;55.0000E-3;182.9104E-12;800.0000E-3;10.9016E-9;55.0000E-3;239.6865E-12;1.0500E+0;11.5007E-9;55.0000E-3;;;;;;;;;;;;;;;;;;;;;;;;;;;;;;;;;;;;;;;;;;;;;;;;;;;;;;;;;;;;;;;;;;;;;;;;;;;;;;;;;;;;;;;;;;;;;;;;;;;;;;;;;;;;;;;;;;;;;;;;;;;;;;;;;;;;;;;;;;;;;;;;;;;;;;;;;;;;;;;;;;;;;;;;;;;;;;;;;;;;;;;;;;;;;;;;;;;;;;;;;;;;;;;;;;;;;;;;;;;;;;;;;;;;;;;;;;;;
344.8277E-12;50.0000E-3;9.2461E-9;60.0000E-3;296.4629E-12;300.0000E-3;10.3174E-9;60.0000E-3;187.9570E-12;550.0000E-3;11.0645E-9;60.0000E-3;169.4520E-12;800.0000E-3;11.7644E-9;60.0000E-3;174.0783E-12;1.0500E+0;12.3230E-9;60.0000E-3;;;;;;;;;;;;;;;;;;;;;;;;;;;;;;;;;;;;;;;;;;;;;;;;;;;;;;;;;;;;;;;;;;;;;;;;;;;;;;;;;;;;;;;;;;;;;;;;;;;;;;;;;;;;;;;;;;;;;;;;;;;;;;;;;;;;;;;;;;;;;;;;;;;;;;;;;;;;;;;;;;;;;;;;;;;;;;;;;;;;;;;;;;;;;;;;;;;;;;;;;;;;;;;;;;;;;;;;;;;;;;;;;;;;;;;;;;;;
317.9115E-12;50.0000E-3;9.9119E-9;65.0000E-3;217.3965E-12;300.0000E-3;11.1168E-9;65.0000E-3;187.1159E-12;550.0000E-3;11.8702E-9;65.0000E-3;143.3771E-12;800.0000E-3;12.5467E-9;65.0000E-3;164.8259E-12;1.0500E+0;13.1582E-9;65.0000E-3;;;;;;;;;;;;;;;;;;;;;;;;;;;;;;;;;;;;;;;;;;;;;;;;;;;;;;;;;;;;;;;;;;;;;;;;;;;;;;;;;;;;;;;;;;;;;;;;;;;;;;;;;;;;;;;;;;;;;;;;;;;;;;;;;;;;;;;;;;;;;;;;;;;;;;;;;;;;;;;;;;;;;;;;;;;;;;;;;;;;;;;;;;;;;;;;;;;;;;;;;;;;;;;;;;;;;;;;;;;;;;;;;;;;;;;;;;;;
324.6408E-12;50.0000E-3;10.5841E-9;70.0000E-3;267.0233E-12;300.0000E-3;11.8534E-9;70.0000E-3;58.4230E-12;550.0000E-3;12.5809E-9;70.0000E-3;126.5545E-12;800.0000E-3;13.2266E-9;70.0000E-3;258.1915E-12;1.0500E+0;13.9600E-9;70.0000E-3;;;;;;;;;;;;;;;;;;;;;;;;;;;;;;;;;;;;;;;;;;;;;;;;;;;;;;;;;;;;;;;;;;;;;;;;;;;;;;;;;;;;;;;;;;;;;;;;;;;;;;;;;;;;;;;;;;;;;;;;;;;;;;;;;;;;;;;;;;;;;;;;;;;;;;;;;;;;;;;;;;;;;;;;;;;;;;;;;;;;;;;;;;;;;;;;;;;;;;;;;;;;;;;;;;;;;;;;;;;;;;;;;;;;;;;;;;;;
328.8465E-12;50.0000E-3;11.2250E-9;75.0000E-3;234.2191E-12;300.0000E-3;12.3883E-9;75.0000E-3;117.3022E-12;550.0000E-3;13.3263E-9;75.0000E-3;86.1804E-12;800.0000E-3;13.9939E-9;75.0000E-3;234.2191E-12;1.0500E+0;14.8044E-9;75.0000E-3;;;;;;;;;;;;;;;;;;;;;;;;;;;;;;;;;;;;;;;;;;;;;;;;;;;;;;;;;;;;;;;;;;;;;;;;;;;;;;;;;;;;;;;;;;;;;;;;;;;;;;;;;;;;;;;;;;;;;;;;;;;;;;;;;;;;;;;;;;;;;;;;;;;;;;;;;;;;;;;;;;;;;;;;;;;;;;;;;;;;;;;;;;;;;;;;;;;;;;;;;;;;;;;;;;;;;;;;;;;;;;;;;;;;;;;;;;;;
239.2659E-12;50.0000E-3;11.7965E-9;80.0000E-3;181.2279E-12;300.0000E-3;13.1203E-9;80.0000E-3;223.7051E-12;550.0000E-3;13.9748E-9;80.0000E-3;206.0412E-12;800.0000E-3;14.7493E-9;80.0000E-3;139.1716E-12;1.0500E+0;15.5956E-9;80.0000E-3;;;;;;;;;;;;;;;;;;;;;;;;;;;;;;;;;;;;;;;;;;;;;;;;;;;;;;;;;;;;;;;;;;;;;;;;;;;;;;;;;;;;;;;;;;;;;;;;;;;;;;;;;;;;;;;;;;;;;;;;;;;;;;;;;;;;;;;;;;;;;;;;;;;;;;;;;;;;;;;;;;;;;;;;;;;;;;;;;;;;;;;;;;;;;;;;;;;;;;;;;;;;;;;;;;;;;;;;;;;;;;;;;;;;;;;;;;;;
297.7245E-12;50.0000E-3;12.3696E-9;85.0000E-3;174.0783E-12;300.0000E-3;13.6756E-9;85.0000E-3;260.2942E-12;550.0000E-3;14.6609E-9;85.0000E-3;192.1627E-12;800.0000E-3;15.3763E-9;85.0000E-3;75.2456E-12;1.0500E+0;16.1091E-9;85.0000E-3;;;;;;;;;;;;;;;;;;;;;;;;;;;;;;;;;;;;;;;;;;;;;;;;;;;;;;;;;;;;;;;;;;;;;;;;;;;;;;;;;;;;;;;;;;;;;;;;;;;;;;;;;;;;;;;;;;;;;;;;;;;;;;;;;;;;;;;;;;;;;;;;;;;;;;;;;;;;;;;;;;;;;;;;;;;;;;;;;;;;;;;;;;;;;;;;;;;;;;;;;;;;;;;;;;;;;;;;;;;;;;;;;;;;;;;;;;;;
253.9857E-12;50.0000E-3;12.9514E-9;90.0000E-3;107.2087E-12;300.0000E-3;14.2781E-9;90.0000E-3;182.0690E-12;550.0000E-3;15.3191E-9;90.0000E-3;334.7342E-12;800.0000E-3;15.9524E-9;90.0000E-3;-15.1759E-12;1.0500E+0;16.7145E-9;90.0000E-3;;;;;;;;;;;;;;;;;;;;;;;;;;;;;;;;;;;;;;;;;;;;;;;;;;;;;;;;;;;;;;;;;;;;;;;;;;;;;;;;;;;;;;;;;;;;;;;;;;;;;;;;;;;;;;;;;;;;;;;;;;;;;;;;;;;;;;;;;;;;;;;;;;;;;;;;;;;;;;;;;;;;;;;;;;;;;;;;;;;;;;;;;;;;;;;;;;;;;;;;;;;;;;;;;;;;;;;;;;;;;;;;;;;;;;;;;;;;
300.6686E-12;50.0000E-3;13.5304E-9;95.0000E-3;238.0043E-12;300.0000E-3;14.8601E-9;95.0000E-3;200.9946E-12;550.0000E-3;15.9115E-9;95.0000E-3;185.4337E-12;800.0000E-3;16.6470E-9;95.0000E-3;113.0964E-12;1.0500E+0;17.4404E-9;95.0000E-3;;;;;;;;;;;;;;;;;;;;;;;;;;;;;;;;;;;;;;;;;;;;;;;;;;;;;;;;;;;;;;;;;;;;;;;;;;;;;;;;;;;;;;;;;;;;;;;;;;;;;;;;;;;;;;;;;;;;;;;;;;;;;;;;;;;;;;;;;;;;;;;;;;;;;;;;;;;;;;;;;;;;;;;;;;;;;;;;;;;;;;;;;;;;;;;;;;;;;;;;;;;;;;;;;;;;;;;;;;;;;;;;;;;;;;;;;;;;
297.3040E-12;50.0000E-3;14.0494E-9;100.0000E-3;241.7895E-12;300.0000E-3;15.3913E-9;100.0000E-3;176.1813E-12;550.0000E-3;16.5586E-9;100.0000E-3;227.0695E-12;800.0000E-3;17.2509E-9;100.0000E-3;226.6491E-12;1.0500E+0;18.0340E-9;100.0000E-3;;;;;;;;;;;;;;;;;;;;;;;;;;;;;;;;;;;;;;;;;;;;;;;;;;;;;;;;;;;;;;;;;;;;;;;;;;;;;;;;;;;;;;;;;;;;;;;;;;;;;;;;;;;;;;;;;;;;;;;;;;;;;;;;;;;;;;;;;;;;;;;;;;;;;;;;;;;;;;;;;;;;;;;;;;;;;;;;;;;;;;;;;;;;;;;;;;;;;;;;;;;;;;;;;;;;;;;;;;;;;;;;;;;;;;;;;;;;
275.8551E-12;50.0000E-3;14.4792E-9;105.0000E-3;273.7524E-12;300.0000E-3;15.9804E-9;105.0000E-3;142.5360E-12;550.0000E-3;17.0646E-9;105.0000E-3;222.8639E-12;800.0000E-3;17.7920E-9;105.0000E-3;108.8909E-12;1.0500E+0;18.5326E-9;105.0000E-3;;;;;;;;;;;;;;;;;;;;;;;;;;;;;;;;;;;;;;;;;;;;;;;;;;;;;;;;;;;;;;;;;;;;;;;;;;;;;;;;;;;;;;;;;;;;;;;;;;;;;;;;;;;;;;;;;;;;;;;;;;;;;;;;;;;;;;;;;;;;;;;;;;;;;;;;;;;;;;;;;;;;;;;;;;;;;;;;;;;;;;;;;;;;;;;;;;;;;;;;;;;;;;;;;;;;;;;;;;;;;;;;;;;;;;;;;;;;
297.7245E-12;50.0000E-3;15.0168E-9;110.0000E-3;288.4719E-12;300.0000E-3;16.4189E-9;110.0000E-3;203.9386E-12;550.0000E-3;17.5159E-9;110.0000E-3;274.5935E-12;800.0000E-3;18.2258E-9;110.0000E-3;134.1247E-12;1.0500E+0;19.0559E-9;110.0000E-3;;;;;;;;;;;;;;;;;;;;;;;;;;;;;;;;;;;;;;;;;;;;;;;;;;;;;;;;;;;;;;;;;;;;;;;;;;;;;;;;;;;;;;;;;;;;;;;;;;;;;;;;;;;;;;;;;;;;;;;;;;;;;;;;;;;;;;;;;;;;;;;;;;;;;;;;;;;;;;;;;;;;;;;;;;;;;;;;;;;;;;;;;;;;;;;;;;;;;;;;;;;;;;;;;;;;;;;;;;;;;;;;;;;;;;;;;;;;
366.6973E-12;50.0000E-3;15.4432E-9;115.0000E-3;296.8834E-12;300.0000E-3;16.8598E-9;115.0000E-3;167.7700E-12;550.0000E-3;18.0947E-9;115.0000E-3;287.6310E-12;800.0000E-3;18.7721E-9;115.0000E-3;145.9004E-12;1.0500E+0;19.8313E-9;115.0000E-3;;;;;;;;;;;;;;;;;;;;;;;;;;;;;;;;;;;;;;;;;;;;;;;;;;;;;;;;;;;;;;;;;;;;;;;;;;;;;;;;;;;;;;;;;;;;;;;;;;;;;;;;;;;;;;;;;;;;;;;;;;;;;;;;;;;;;;;;;;;;;;;;;;;;;;;;;;;;;;;;;;;;;;;;;;;;;;;;;;;;;;;;;;;;;;;;;;;;;;;;;;;;;;;;;;;;;;;;;;;;;;;;;;;;;;;;;;;;
304.4536E-12;50.0000E-3;15.8946E-9;120.0000E-3;380.1552E-12;300.0000E-3;17.3508E-9;120.0000E-3;172.8166E-12;550.0000E-3;18.6300E-9;120.0000E-3;190.4803E-12;800.0000E-3;19.2111E-9;120.0000E-3;185.8542E-12;1.0500E+0;20.3993E-9;120.0000E-3;;;;;;;;;;;;;;;;;;;;;;;;;;;;;;;;;;;;;;;;;;;;;;;;;;;;;;;;;;;;;;;;;;;;;;;;;;;;;;;;;;;;;;;;;;;;;;;;;;;;;;;;;;;;;;;;;;;;;;;;;;;;;;;;;;;;;;;;;;;;;;;;;;;;;;;;;;;;;;;;;;;;;;;;;;;;;;;;;;;;;;;;;;;;;;;;;;;;;;;;;;;;;;;;;;;;;;;;;;;;;;;;;;;;;;;;;;;;
405.3893E-12;50.0000E-3;16.3457E-9;125.0000E-3;220.3406E-12;300.0000E-3;17.7063E-9;125.0000E-3;181.2279E-12;550.0000E-3;19.0574E-9;125.0000E-3;180.3868E-12;800.0000E-3;19.7784E-9;125.0000E-3;223.2845E-12;1.0500E+0;20.7056E-9;125.0000E-3;;;;;;;;;;;;;;;;;;;;;;;;;;;;;;;;;;;;;;;;;;;;;;;;;;;;;;;;;;;;;;;;;;;;;;;;;;;;;;;;;;;;;;;;;;;;;;;;;;;;;;;;;;;;;;;;;;;;;;;;;;;;;;;;;;;;;;;;;;;;;;;;;;;;;;;;;;;;;;;;;;;;;;;;;;;;;;;;;;;;;;;;;;;;;;;;;;;;;;;;;;;;;;;;;;;;;;;;;;;;;;;;;;;;;;;;;;;;
250.2007E-12;50.0000E-3;16.7624E-9;130.0000E-3;199.3123E-12;300.0000E-3;18.1576E-9;130.0000E-3;97.1150E-12;550.0000E-3;19.5920E-9;130.0000E-3;192.5833E-12;800.0000E-3;20.2533E-9;130.0000E-3;115.6200E-12;1.0500E+0;21.0002E-9;130.0000E-3;;;;;;;;;;;;;;;;;;;;;;;;;;;;;;;;;;;;;;;;;;;;;;;;;;;;;;;;;;;;;;;;;;;;;;;;;;;;;;;;;;;;;;;;;;;;;;;;;;;;;;;;;;;;;;;;;;;;;;;;;;;;;;;;;;;;;;;;;;;;;;;;;;;;;;;;;;;;;;;;;;;;;;;;;;;;;;;;;;;;;;;;;;;;;;;;;;;;;;;;;;;;;;;;;;;;;;;;;;;;;;;;;;;;;;;;;;;;
92.4887E-12;50.0000E-3;17.0924E-9;135.0000E-3;301.9303E-12;300.0000E-3;18.6173E-9;135.0000E-3;150.9473E-12;550.0000E-3;19.9053E-9;135.0000E-3;182.4896E-12;800.0000E-3;20.6106E-9;135.0000E-3;253.1446E-12;1.0500E+0;21.7326E-9;135.0000E-3;;;;;;;;;;;;;;;;;;;;;;;;;;;;;;;;;;;;;;;;;;;;;;;;;;;;;;;;;;;;;;;;;;;;;;;;;;;;;;;;;;;;;;;;;;;;;;;;;;;;;;;;;;;;;;;;;;;;;;;;;;;;;;;;;;;;;;;;;;;;;;;;;;;;;;;;;;;;;;;;;;;;;;;;;;;;;;;;;;;;;;;;;;;;;;;;;;;;;;;;;;;;;;;;;;;;;;;;;;;;;;;;;;;;;;;;;;;;
221.6023E-12;50.0000E-3;17.3798E-9;140.0000E-3;133.7042E-12;300.0000E-3;19.1276E-9;140.0000E-3;139.5921E-12;550.0000E-3;20.4993E-9;140.0000E-3;197.6299E-12;800.0000E-3;21.1992E-9;140.0000E-3;160.1996E-12;1.0500E+0;22.1513E-9;140.0000E-3;;;;;;;;;;;;;;;;;;;;;;;;;;;;;;;;;;;;;;;;;;;;;;;;;;;;;;;;;;;;;;;;;;;;;;;;;;;;;;;;;;;;;;;;;;;;;;;;;;;;;;;;;;;;;;;;;;;;;;;;;;;;;;;;;;;;;;;;;;;;;;;;;;;;;;;;;;;;;;;;;;;;;;;;;;;;;;;;;;;;;;;;;;;;;;;;;;;;;;;;;;;;;;;;;;;;;;;;;;;;;;;;;;;;;;;;;;;;
283.4253E-12;50.0000E-3;17.7654E-9;145.0000E-3;230.4341E-12;300.0000E-3;19.3063E-9;145.0000E-3;164.4054E-12;550.0000E-3;20.8723E-9;145.0000E-3;374.2673E-12;800.0000E-3;21.4643E-9;145.0000E-3;37.3948E-12;1.0500E+0;22.5872E-9;145.0000E-3;;;;;;;;;;;;;;;;;;;;;;;;;;;;;;;;;;;;;;;;;;;;;;;;;;;;;;;;;;;;;;;;;;;;;;;;;;;;;;;;;;;;;;;;;;;;;;;;;;;;;;;;;;;;;;;;;;;;;;;;;;;;;;;;;;;;;;;;;;;;;;;;;;;;;;;;;;;;;;;;;;;;;;;;;;;;;;;;;;;;;;;;;;;;;;;;;;;;;;;;;;;;;;;;;;;;;;;;;;;;;;;;;;;;;;;;;;;;
323.7994E-12;50.0000E-3;18.1873E-9;150.0000E-3;228.7519E-12;300.0000E-3;19.7673E-9;150.0000E-3;94.5917E-12;550.0000E-3;21.2576E-9;150.0000E-3;296.8834E-12;800.0000E-3;21.7104E-9;150.0000E-3;73.5634E-12;1.0500E+0;22.8384E-9;150.0000E-3;;;;;;;;;;;;;;;;;;;;;;;;;;;;;;;;;;;;;;;;;;;;;;;;;;;;;;;;;;;;;;;;;;;;;;;;;;;;;;;;;;;;;;;;;;;;;;;;;;;;;;;;;;;;;;;;;;;;;;;;;;;;;;;;;;;;;;;;;;;;;;;;;;;;;;;;;;;;;;;;;;;;;;;;;;;;;;;;;;;;;;;;;;;;;;;;;;;;;;;;;;;;;;;;;;;;;;;;;;;;;;;;;;;;;;;;;;;;
283.8458E-12;50.0000E-3;18.5729E-9;155.0000E-3;243.4717E-12;300.0000E-3;19.9924E-9;155.0000E-3;126.9751E-12;550.0000E-3;21.8837E-9;155.0000E-3;276.6962E-12;800.0000E-3;22.2163E-9;155.0000E-3;162.3024E-12;1.0500E+0;23.1617E-9;155.0000E-3;;;;;;;;;;;;;;;;;;;;;;;;;;;;;;;;;;;;;;;;;;;;;;;;;;;;;;;;;;;;;;;;;;;;;;;;;;;;;;;;;;;;;;;;;;;;;;;;;;;;;;;;;;;;;;;;;;;;;;;;;;;;;;;;;;;;;;;;;;;;;;;;;;;;;;;;;;;;;;;;;;;;;;;;;;;;;;;;;;;;;;;;;;;;;;;;;;;;;;;;;;;;;;;;;;;;;;;;;;;;;;;;;;;;;;;;;;;;
253.9857E-12;50.0000E-3;18.8345E-9;160.0000E-3;200.5740E-12;300.0000E-3;20.4321E-9;160.0000E-3;94.1709E-12;550.0000E-3;22.1996E-9;160.0000E-3;199.3123E-12;800.0000E-3;22.5068E-9;160.0000E-3;241.7895E-12;1.0500E+0;23.8185E-9;160.0000E-3;;;;;;;;;;;;;;;;;;;;;;;;;;;;;;;;;;;;;;;;;;;;;;;;;;;;;;;;;;;;;;;;;;;;;;;;;;;;;;;;;;;;;;;;;;;;;;;;;;;;;;;;;;;;;;;;;;;;;;;;;;;;;;;;;;;;;;;;;;;;;;;;;;;;;;;;;;;;;;;;;;;;;;;;;;;;;;;;;;;;;;;;;;;;;;;;;;;;;;;;;;;;;;;;;;;;;;;;;;;;;;;;;;;;;;;;;;;;
275.8551E-12;50.0000E-3;19.0379E-9;165.0000E-3;269.1261E-12;300.0000E-3;20.6357E-9;165.0000E-3;200.5740E-12;550.0000E-3;22.3664E-9;165.0000E-3;230.8547E-12;800.0000E-3;22.9637E-9;165.0000E-3;153.4708E-12;1.0500E+0;24.1021E-9;165.0000E-3;;;;;;;;;;;;;;;;;;;;;;;;;;;;;;;;;;;;;;;;;;;;;;;;;;;;;;;;;;;;;;;;;;;;;;;;;;;;;;;;;;;;;;;;;;;;;;;;;;;;;;;;;;;;;;;;;;;;;;;;;;;;;;;;;;;;;;;;;;;;;;;;;;;;;;;;;;;;;;;;;;;;;;;;;;;;;;;;;;;;;;;;;;;;;;;;;;;;;;;;;;;;;;;;;;;;;;;;;;;;;;;;;;;;;;;;;;;;
211.5086E-12;50.0000E-3;19.3019E-9;170.0000E-3;244.3128E-12;300.0000E-3;20.4397E-9;170.0000E-3;153.0500E-12;550.0000E-3;22.6114E-9;170.0000E-3;141.6949E-12;800.0000E-3;23.3365E-9;170.0000E-3;258.6120E-12;1.0500E+0;24.8012E-9;170.0000E-3;;;;;;;;;;;;;;;;;;;;;;;;;;;;;;;;;;;;;;;;;;;;;;;;;;;;;;;;;;;;;;;;;;;;;;;;;;;;;;;;;;;;;;;;;;;;;;;;;;;;;;;;;;;;;;;;;;;;;;;;;;;;;;;;;;;;;;;;;;;;;;;;;;;;;;;;;;;;;;;;;;;;;;;;;;;;;;;;;;;;;;;;;;;;;;;;;;;;;;;;;;;;;;;;;;;;;;;;;;;;;;;;;;;;;;;;;;;;
231.6958E-12;50.0000E-3;19.6538E-9;175.0000E-3;292.6777E-12;300.0000E-3;20.6640E-9;175.0000E-3;105.1057E-12;550.0000E-3;22.9964E-9;175.0000E-3;157.6763E-12;800.0000E-3;23.4537E-9;175.0000E-3;243.4717E-12;1.0500E+0;25.1277E-9;175.0000E-3;;;;;;;;;;;;;;;;;;;;;;;;;;;;;;;;;;;;;;;;;;;;;;;;;;;;;;;;;;;;;;;;;;;;;;;;;;;;;;;;;;;;;;;;;;;;;;;;;;;;;;;;;;;;;;;;;;;;;;;;;;;;;;;;;;;;;;;;;;;;;;;;;;;;;;;;;;;;;;;;;;;;;;;;;;;;;;;;;;;;;;;;;;;;;;;;;;;;;;;;;;;;;;;;;;;;;;;;;;;;;;;;;;;;;;;;;;;;
272.4907E-12;50.0000E-3;19.9335E-9;180.0000E-3;169.8728E-12;300.0000E-3;21.1483E-9;180.0000E-3;188.7981E-12;550.0000E-3;23.0840E-9;180.0000E-3;95.4328E-12;800.0000E-3;24.0081E-9;180.0000E-3;218.6582E-12;1.0500E+0;25.3426E-9;180.0000E-3;;;;;;;;;;;;;;;;;;;;;;;;;;;;;;;;;;;;;;;;;;;;;;;;;;;;;;;;;;;;;;;;;;;;;;;;;;;;;;;;;;;;;;;;;;;;;;;;;;;;;;;;;;;;;;;;;;;;;;;;;;;;;;;;;;;;;;;;;;;;;;;;;;;;;;;;;;;;;;;;;;;;;;;;;;;;;;;;;;;;;;;;;;;;;;;;;;;;;;;;;;;;;;;;;;;;;;;;;;;;;;;;;;;;;;;;;;;;
228.3311E-12;50.0000E-3;20.2027E-9;185.0000E-3;228.7519E-12;300.0000E-3;21.3197E-9;185.0000E-3;182.0690E-12;550.0000E-3;23.3871E-9;185.0000E-3;199.7329E-12;800.0000E-3;24.1745E-9;185.0000E-3;137.9099E-12;1.0500E+0;25.4849E-9;185.0000E-3;;;;;;;;;;;;;;;;;;;;;;;;;;;;;;;;;;;;;;;;;;;;;;;;;;;;;;;;;;;;;;;;;;;;;;;;;;;;;;;;;;;;;;;;;;;;;;;;;;;;;;;;;;;;;;;;;;;;;;;;;;;;;;;;;;;;;;;;;;;;;;;;;;;;;;;;;;;;;;;;;;;;;;;;;;;;;;;;;;;;;;;;;;;;;;;;;;;;;;;;;;;;;;;;;;;;;;;;;;;;;;;;;;;;;;;;;;;;
225.3873E-12;50.0000E-3;20.3976E-9;190.0000E-3;240.1070E-12;300.0000E-3;21.5950E-9;190.0000E-3;131.1808E-12;550.0000E-3;23.4665E-9;190.0000E-3;89.5448E-12;800.0000E-3;24.7973E-9;190.0000E-3;293.0982E-12;1.0500E+0;25.6467E-9;190.0000E-3;;;;;;;;;;;;;;;;;;;;;;;;;;;;;;;;;;;;;;;;;;;;;;;;;;;;;;;;;;;;;;;;;;;;;;;;;;;;;;;;;;;;;;;;;;;;;;;;;;;;;;;;;;;;;;;;;;;;;;;;;;;;;;;;;;;;;;;;;;;;;;;;;;;;;;;;;;;;;;;;;;;;;;;;;;;;;;;;;;;;;;;;;;;;;;;;;;;;;;;;;;;;;;;;;;;;;;;;;;;;;;;;;;;;;;;;;;;;
232.9574E-12;50.0000E-3;20.6383E-9;195.0000E-3;186.6953E-12;300.0000E-3;22.0125E-9;195.0000E-3;133.7042E-12;550.0000E-3;23.6205E-9;195.0000E-3;215.7143E-12;800.0000E-3;24.6205E-9;195.0000E-3;182.9104E-12;1.0500E+0;25.6411E-9;195.0000E-3;;;;;;;;;;;;;;;;;;;;;;;;;;;;;;;;;;;;;;;;;;;;;;;;;;;;;;;;;;;;;;;;;;;;;;;;;;;;;;;;;;;;;;;;;;;;;;;;;;;;;;;;;;;;;;;;;;;;;;;;;;;;;;;;;;;;;;;;;;;;;;;;;;;;;;;;;;;;;;;;;;;;;;;;;;;;;;;;;;;;;;;;;;;;;;;;;;;;;;;;;;;;;;;;;;;;;;;;;;;;;;;;;;;;;;;;;;;;
312.4443E-12;50.0000E-3;20.9055E-9;200.0000E-3;257.3504E-12;300.0000E-3;22.1446E-9;200.0000E-3;101.7413E-12;550.0000E-3;23.9960E-9;200.0000E-3;273.3318E-12;800.0000E-3;24.9733E-9;200.0000E-3;138.7508E-12;1.0500E+0;26.5078E-9;200.0000E-3;;;;;;;;;;;;;;;;;;;;;;;;;;;;;;;;;;;;;;;;;;;;;;;;;;;;;;;;;;;;;;;;;;;;;;;;;;;;;;;;;;;;;;;;;;;;;;;;;;;;;;;;;;;;;;;;;;;;;;;;;;;;;;;;;;;;;;;;;;;;;;;;;;;;;;;;;;;;;;;;;;;;;;;;;;;;;;;;;;;;;;;;;;;;;;;;;;;;;;;;;;;;;;;;;;;;;;;;;;;;;;;;;;;;;;;;;;;;
272.9112E-12;50.0000E-3;21.0907E-9;205.0000E-3;259.8737E-12;300.0000E-3;22.5542E-9;205.0000E-3;146.3212E-12;550.0000E-3;24.1165E-9;205.0000E-3;166.5081E-12;800.0000E-3;25.1424E-9;205.0000E-3;167.3495E-12;1.0500E+0;26.7463E-9;205.0000E-3;;;;;;;;;;;;;;;;;;;;;;;;;;;;;;;;;;;;;;;;;;;;;;;;;;;;;;;;;;;;;;;;;;;;;;;;;;;;;;;;;;;;;;;;;;;;;;;;;;;;;;;;;;;;;;;;;;;;;;;;;;;;;;;;;;;;;;;;;;;;;;;;;;;;;;;;;;;;;;;;;;;;;;;;;;;;;;;;;;;;;;;;;;;;;;;;;;;;;;;;;;;;;;;;;;;;;;;;;;;;;;;;;;;;;;;;;;;;
272.0699E-12;50.0000E-3;21.3333E-9;210.0000E-3;241.3687E-12;300.0000E-3;22.7381E-9;210.0000E-3;52.5351E-12;550.0000E-3;24.5871E-9;210.0000E-3;226.6491E-12;800.0000E-3;25.3990E-9;210.0000E-3;230.0136E-12;1.0500E+0;26.8356E-9;210.0000E-3;;;;;;;;;;;;;;;;;;;;;;;;;;;;;;;;;;;;;;;;;;;;;;;;;;;;;;;;;;;;;;;;;;;;;;;;;;;;;;;;;;;;;;;;;;;;;;;;;;;;;;;;;;;;;;;;;;;;;;;;;;;;;;;;;;;;;;;;;;;;;;;;;;;;;;;;;;;;;;;;;;;;;;;;;;;;;;;;;;;;;;;;;;;;;;;;;;;;;;;;;;;;;;;;;;;;;;;;;;;;;;;;;;;;;;;;;;;;
325.0611E-12;50.0000E-3;21.4743E-9;215.0000E-3;279.2198E-12;300.0000E-3;22.9392E-9;215.0000E-3;95.4328E-12;550.0000E-3;24.9501E-9;215.0000E-3;197.2096E-12;800.0000E-3;25.5028E-9;215.0000E-3;237.1632E-12;1.0500E+0;27.0471E-9;215.0000E-3;;;;;;;;;;;;;;;;;;;;;;;;;;;;;;;;;;;;;;;;;;;;;;;;;;;;;;;;;;;;;;;;;;;;;;;;;;;;;;;;;;;;;;;;;;;;;;;;;;;;;;;;;;;;;;;;;;;;;;;;;;;;;;;;;;;;;;;;;;;;;;;;;;;;;;;;;;;;;;;;;;;;;;;;;;;;;;;;;;;;;;;;;;;;;;;;;;;;;;;;;;;;;;;;;;;;;;;;;;;;;;;;;;;;;;;;;;;;
367.1177E-12;50.0000E-3;21.6266E-9;220.0000E-3;324.6408E-12;300.0000E-3;23.0399E-9;220.0000E-3;84.0774E-12;550.0000E-3;25.0727E-9;220.0000E-3;129.0779E-12;800.0000E-3;25.4496E-9;220.0000E-3;232.9574E-12;1.0500E+0;27.1424E-9;220.0000E-3;;;;;;;;;;;;;;;;;;;;;;;;;;;;;;;;;;;;;;;;;;;;;;;;;;;;;;;;;;;;;;;;;;;;;;;;;;;;;;;;;;;;;;;;;;;;;;;;;;;;;;;;;;;;;;;;;;;;;;;;;;;;;;;;;;;;;;;;;;;;;;;;;;;;;;;;;;;;;;;;;;;;;;;;;;;;;;;;;;;;;;;;;;;;;;;;;;;;;;;;;;;;;;;;;;;;;;;;;;;;;;;;;;;;;;;;;;;;
326.3230E-12;50.0000E-3;21.7241E-9;225.0000E-3;275.8551E-12;300.0000E-3;23.1003E-9;225.0000E-3;120.6666E-12;550.0000E-3;25.1871E-9;225.0000E-3;173.2374E-12;800.0000E-3;25.8795E-9;225.0000E-3;294.7806E-12;1.0500E+0;27.3900E-9;225.0000E-3;;;;;;;;;;;;;;;;;;;;;;;;;;;;;;;;;;;;;;;;;;;;;;;;;;;;;;;;;;;;;;;;;;;;;;;;;;;;;;;;;;;;;;;;;;;;;;;;;;;;;;;;;;;;;;;;;;;;;;;;;;;;;;;;;;;;;;;;;;;;;;;;;;;;;;;;;;;;;;;;;;;;;;;;;;;;;;;;;;;;;;;;;;;;;;;;;;;;;;;;;;;;;;;;;;;;;;;;;;;;;;;;;;;;;;;;;;;;
251.8830E-12;50.0000E-3;21.9854E-9;230.0000E-3;392.3517E-12;300.0000E-3;23.3310E-9;230.0000E-3;132.8628E-12;550.0000E-3;25.3239E-9;230.0000E-3;31.5068E-12;800.0000E-3;26.1203E-9;230.0000E-3;341.8839E-12;1.0500E+0;27.7867E-9;230.0000E-3;;;;;;;;;;;;;;;;;;;;;;;;;;;;;;;;;;;;;;;;;;;;;;;;;;;;;;;;;;;;;;;;;;;;;;;;;;;;;;;;;;;;;;;;;;;;;;;;;;;;;;;;;;;;;;;;;;;;;;;;;;;;;;;;;;;;;;;;;;;;;;;;;;;;;;;;;;;;;;;;;;;;;;;;;;;;;;;;;;;;;;;;;;;;;;;;;;;;;;;;;;;;;;;;;;;;;;;;;;;;;;;;;;;;;;;;;;;;
253.9857E-12;50.0000E-3;22.0564E-9;235.0000E-3;280.4814E-12;300.0000E-3;23.5705E-9;235.0000E-3;124.0312E-12;550.0000E-3;25.7804E-9;235.0000E-3;199.7329E-12;800.0000E-3;26.2296E-9;235.0000E-3;285.1077E-12;1.0500E+0;27.7965E-9;235.0000E-3;;;;;;;;;;;;;;;;;;;;;;;;;;;;;;;;;;;;;;;;;;;;;;;;;;;;;;;;;;;;;;;;;;;;;;;;;;;;;;;;;;;;;;;;;;;;;;;;;;;;;;;;;;;;;;;;;;;;;;;;;;;;;;;;;;;;;;;;;;;;;;;;;;;;;;;;;;;;;;;;;;;;;;;;;;;;;;;;;;;;;;;;;;;;;;;;;;;;;;;;;;;;;;;;;;;;;;;;;;;;;;;;;;;;;;;;;;;;
218.2377E-12;50.0000E-3;22.3121E-9;240.0000E-3;260.7148E-12;300.0000E-3;23.9106E-9;240.0000E-3;182.0690E-12;550.0000E-3;25.8048E-9;240.0000E-3;186.6953E-12;800.0000E-3;26.5759E-9;240.0000E-3;195.1066E-12;1.0500E+0;28.1045E-9;240.0000E-3;;;;;;;;;;;;;;;;;;;;;;;;;;;;;;;;;;;;;;;;;;;;;;;;;;;;;;;;;;;;;;;;;;;;;;;;;;;;;;;;;;;;;;;;;;;;;;;;;;;;;;;;;;;;;;;;;;;;;;;;;;;;;;;;;;;;;;;;;;;;;;;;;;;;;;;;;;;;;;;;;;;;;;;;;;;;;;;;;;;;;;;;;;;;;;;;;;;;;;;;;;;;;;;;;;;;;;;;;;;;;;;;;;;;;;;;;;;;
128.2368E-12;50.0000E-3;22.4590E-9;245.0000E-3;285.5280E-12;300.0000E-3;24.0834E-9;245.0000E-3;152.2091E-12;550.0000E-3;26.0183E-9;245.0000E-3;146.3212E-12;800.0000E-3;27.0107E-9;245.0000E-3;174.9194E-12;1.0500E+0;27.9145E-9;245.0000E-3;;;;;;;;;;;;;;;;;;;;;;;;;;;;;;;;;;;;;;;;;;;;;;;;;;;;;;;;;;;;;;;;;;;;;;;;;;;;;;;;;;;;;;;;;;;;;;;;;;;;;;;;;;;;;;;;;;;;;;;;;;;;;;;;;;;;;;;;;;;;;;;;;;;;;;;;;;;;;;;;;;;;;;;;;;;;;;;;;;;;;;;;;;;;;;;;;;;;;;;;;;;;;;;;;;;;;;;;;;;;;;;;;;;;;;;;;;;;
242.6304E-12;50.0000E-3;22.4898E-9;250.0000E-3;324.2202E-12;300.0000E-3;23.9772E-9;250.0000E-3;180.3868E-12;550.0000E-3;26.0456E-9;250.0000E-3;207.3031E-12;800.0000E-3;27.0178E-9;250.0000E-3;230.8547E-12;1.0500E+0;28.3276E-9;250.0000E-3;;;;;;;;;;;;;;;;;;;;;;;;;;;;;;;;;;;;;;;;;;;;;;;;;;;;;;;;;;;;;;;;;;;;;;;;;;;;;;;;;;;;;;;;;;;;;;;;;;;;;;;;;;;;;;;;;;;;;;;;;;;;;;;;;;;;;;;;;;;;;;;;;;;;;;;;;;;;;;;;;;;;;;;;;;;;;;;;;;;;;;;;;;;;;;;;;;;;;;;;;;;;;;;;;;;;;;;;;;;;;;;;;;;;;;;;;;;;
253.1446E-12;50.0000E-3;22.7862E-9;255.0000E-3;274.1729E-12;300.0000E-3;24.0260E-9;255.0000E-3;146.3212E-12;550.0000E-3;26.2531E-9;255.0000E-3;280.0606E-12;800.0000E-3;27.3790E-9;255.0000E-3;126.9751E-12;1.0500E+0;28.3270E-9;255.0000E-3;;;;;;;;;;;;;;;;;;;;;;;;;;;;;;;;;;;;;;;;;;;;;;;;;;;;;;;;;;;;;;;;;;;;;;;;;;;;;;;;;;;;;;;;;;;;;;;;;;;;;;;;;;;;;;;;;;;;;;;;;;;;;;;;;;;;;;;;;;;;;;;;;;;;;;;;;;;;;;;;;;;;;;;;;;;;;;;;;;;;;;;;;;;;;;;;;;;;;;;;;;;;;;;;;;;;;;;;;;;;;;;;;;;;;;;;;;;;
272.0699E-12;50.0000E-3;22.9161E-9;260.0000E-3;277.1168E-12;300.0000E-3;24.0234E-9;260.0000E-3;136.6482E-12;550.0000E-3;26.2955E-9;260.0000E-3;283.4253E-12;800.0000E-3;27.1771E-9;260.0000E-3;187.1159E-12;1.0500E+0;28.7339E-9;260.0000E-3;;;;;;;;;;;;;;;;;;;;;;;;;;;;;;;;;;;;;;;;;;;;;;;;;;;;;;;;;;;;;;;;;;;;;;;;;;;;;;;;;;;;;;;;;;;;;;;;;;;;;;;;;;;;;;;;;;;;;;;;;;;;;;;;;;;;;;;;;;;;;;;;;;;;;;;;;;;;;;;;;;;;;;;;;;;;;;;;;;;;;;;;;;;;;;;;;;;;;;;;;;;;;;;;;;;;;;;;;;;;;;;;;;;;;;;;;;;;
235.0604E-12;50.0000E-3;22.9692E-9;265.0000E-3;237.5837E-12;300.0000E-3;24.3022E-9;265.0000E-3;134.1247E-12;550.0000E-3;26.2676E-9;265.0000E-3;200.1534E-12;800.0000E-3;27.3586E-9;265.0000E-3;137.4891E-12;1.0500E+0;28.7279E-9;265.0000E-3;;;;;;;;;;;;;;;;;;;;;;;;;;;;;;;;;;;;;;;;;;;;;;;;;;;;;;;;;;;;;;;;;;;;;;;;;;;;;;;;;;;;;;;;;;;;;;;;;;;;;;;;;;;;;;;;;;;;;;;;;;;;;;;;;;;;;;;;;;;;;;;;;;;;;;;;;;;;;;;;;;;;;;;;;;;;;;;;;;;;;;;;;;;;;;;;;;;;;;;;;;;;;;;;;;;;;;;;;;;;;;;;;;;;;;;;;;;;
391.0900E-12;50.0000E-3;23.0985E-9;270.0000E-3;264.9203E-12;300.0000E-3;24.0621E-9;270.0000E-3;101.7413E-12;550.0000E-3;26.6534E-9;270.0000E-3;177.0224E-12;800.0000E-3;27.3929E-9;270.0000E-3;246.8361E-12;1.0500E+0;28.8413E-9;270.0000E-3;;;;;;;;;;;;;;;;;;;;;;;;;;;;;;;;;;;;;;;;;;;;;;;;;;;;;;;;;;;;;;;;;;;;;;;;;;;;;;;;;;;;;;;;;;;;;;;;;;;;;;;;;;;;;;;;;;;;;;;;;;;;;;;;;;;;;;;;;;;;;;;;;;;;;;;;;;;;;;;;;;;;;;;;;;;;;;;;;;;;;;;;;;;;;;;;;;;;;;;;;;;;;;;;;;;;;;;;;;;;;;;;;;;;;;;;;;;;
341.0427E-12;50.0000E-3;22.9984E-9;275.0000E-3;270.3877E-12;300.0000E-3;24.4681E-9;275.0000E-3;129.4984E-12;550.0000E-3;26.5029E-9;275.0000E-3;171.1344E-12;800.0000E-3;27.6226E-9;275.0000E-3;192.1627E-12;1.0500E+0;28.9816E-9;275.0000E-3;;;;;;;;;;;;;;;;;;;;;;;;;;;;;;;;;;;;;;;;;;;;;;;;;;;;;;;;;;;;;;;;;;;;;;;;;;;;;;;;;;;;;;;;;;;;;;;;;;;;;;;;;;;;;;;;;;;;;;;;;;;;;;;;;;;;;;;;;;;;;;;;;;;;;;;;;;;;;;;;;;;;;;;;;;;;;;;;;;;;;;;;;;;;;;;;;;;;;;;;;;;;;;;;;;;;;;;;;;;;;;;;;;;;;;;;;;;;
311.1826E-12;50.0000E-3;23.1952E-9;280.0000E-3;259.4531E-12;300.0000E-3;24.6149E-9;280.0000E-3;177.8635E-12;550.0000E-3;26.7592E-9;280.0000E-3;140.8538E-12;800.0000E-3;27.6908E-9;280.0000E-3;260.2942E-12;1.0500E+0;29.4642E-9;280.0000E-3;;;;;;;;;;;;;;;;;;;;;;;;;;;;;;;;;;;;;;;;;;;;;;;;;;;;;;;;;;;;;;;;;;;;;;;;;;;;;;;;;;;;;;;;;;;;;;;;;;;;;;;;;;;;;;;;;;;;;;;;;;;;;;;;;;;;;;;;;;;;;;;;;;;;;;;;;;;;;;;;;;;;;;;;;;;;;;;;;;;;;;;;;;;;;;;;;;;;;;;;;;;;;;;;;;;;;;;;;;;;;;;;;;;;;;;;;;;;
323.7994E-12;50.0000E-3;23.3060E-9;285.0000E-3;183.7515E-12;300.0000E-3;24.7319E-9;285.0000E-3;157.6763E-12;550.0000E-3;26.8907E-9;285.0000E-3;183.3307E-12;800.0000E-3;27.8527E-9;285.0000E-3;160.1996E-12;1.0500E+0;29.2819E-9;285.0000E-3;;;;;;;;;;;;;;;;;;;;;;;;;;;;;;;;;;;;;;;;;;;;;;;;;;;;;;;;;;;;;;;;;;;;;;;;;;;;;;;;;;;;;;;;;;;;;;;;;;;;;;;;;;;;;;;;;;;;;;;;;;;;;;;;;;;;;;;;;;;;;;;;;;;;;;;;;;;;;;;;;;;;;;;;;;;;;;;;;;;;;;;;;;;;;;;;;;;;;;;;;;;;;;;;;;;;;;;;;;;;;;;;;;;;;;;;;;;;
232.1165E-12;50.0000E-3;23.3635E-9;290.0000E-3;276.2757E-12;300.0000E-3;25.1374E-9;290.0000E-3;127.3956E-12;550.0000E-3;26.9489E-9;290.0000E-3;152.2091E-12;800.0000E-3;27.8044E-9;290.0000E-3;182.4896E-12;1.0500E+0;29.3210E-9;290.0000E-3;;;;;;;;;;;;;;;;;;;;;;;;;;;;;;;;;;;;;;;;;;;;;;;;;;;;;;;;;;;;;;;;;;;;;;;;;;;;;;;;;;;;;;;;;;;;;;;;;;;;;;;;;;;;;;;;;;;;;;;;;;;;;;;;;;;;;;;;;;;;;;;;;;;;;;;;;;;;;;;;;;;;;;;;;;;;;;;;;;;;;;;;;;;;;;;;;;;;;;;;;;;;;;;;;;;;;;;;;;;;;;;;;;;;;;;;;;;;
317.4911E-12;50.0000E-3;23.3522E-9;295.0000E-3;224.1256E-12;300.0000E-3;25.1423E-9;295.0000E-3;198.4712E-12;550.0000E-3;27.0575E-9;295.0000E-3;210.2469E-12;800.0000E-3;28.1113E-9;295.0000E-3;195.1066E-12;1.0500E+0;29.4250E-9;295.0000E-3;;;;;;;;;;;;;;;;;;;;;;;;;;;;;;;;;;;;;;;;;;;;;;;;;;;;;;;;;;;;;;;;;;;;;;;;;;;;;;;;;;;;;;;;;;;;;;;;;;;;;;;;;;;;;;;;;;;;;;;;;;;;;;;;;;;;;;;;;;;;;;;;;;;;;;;;;;;;;;;;;;;;;;;;;;;;;;;;;;;;;;;;;;;;;;;;;;;;;;;;;;;;;;;;;;;;;;;;;;;;;;;;;;;;;;;;;;;;
271.6494E-12;50.0000E-3;23.5331E-9;300.0000E-3;204.7795E-12;300.0000E-3;25.2846E-9;300.0000E-3;163.9848E-12;550.0000E-3;27.0597E-9;300.0000E-3;179.9663E-12;800.0000E-3;28.0522E-9;300.0000E-3;185.8542E-12;1.0500E+0;29.7409E-9;300.0000E-3;;;;;;;;;;;;;;;;;;;;;;;;;;;;;;;;;;;;;;;;;;;;;;;;;;;;;;;;;;;;;;;;;;;;;;;;;;;;;;;;;;;;;;;;;;;;;;;;;;;;;;;;;;;;;;;;;;;;;;;;;;;;;;;;;;;;;;;;;;;;;;;;;;;;;;;;;;;;;;;;;;;;;;;;;;;;;;;;;;;;;;;;;;;;;;;;;;;;;;;;;;;;;;;;;;;;;;;;;;;;;;;;;;;;;;;;;;;;
272.0699E-12;50.0000E-3;23.6562E-9;305.0000E-3;234.2191E-12;300.0000E-3;25.3730E-9;305.0000E-3;214.0321E-12;550.0000E-3;27.1787E-9;305.0000E-3;148.8445E-12;800.0000E-3;28.1394E-9;305.0000E-3;172.8166E-12;1.0500E+0;29.9940E-9;305.0000E-3;;;;;;;;;;;;;;;;;;;;;;;;;;;;;;;;;;;;;;;;;;;;;;;;;;;;;;;;;;;;;;;;;;;;;;;;;;;;;;;;;;;;;;;;;;;;;;;;;;;;;;;;;;;;;;;;;;;;;;;;;;;;;;;;;;;;;;;;;;;;;;;;;;;;;;;;;;;;;;;;;;;;;;;;;;;;;;;;;;;;;;;;;;;;;;;;;;;;;;;;;;;;;;;;;;;;;;;;;;;;;;;;;;;;;;;;;;;;
300.6686E-12;50.0000E-3;23.5560E-9;310.0000E-3;186.2748E-12;300.0000E-3;25.4052E-9;310.0000E-3;142.1154E-12;550.0000E-3;27.1741E-9;310.0000E-3;236.3221E-12;800.0000E-3;28.2639E-9;310.0000E-3;176.1813E-12;1.0500E+0;29.9698E-9;310.0000E-3;;;;;;;;;;;;;;;;;;;;;;;;;;;;;;;;;;;;;;;;;;;;;;;;;;;;;;;;;;;;;;;;;;;;;;;;;;;;;;;;;;;;;;;;;;;;;;;;;;;;;;;;;;;;;;;;;;;;;;;;;;;;;;;;;;;;;;;;;;;;;;;;;;;;;;;;;;;;;;;;;;;;;;;;;;;;;;;;;;;;;;;;;;;;;;;;;;;;;;;;;;;;;;;;;;;;;;;;;;;;;;;;;;;;;;;;;;;;
320.8556E-12;50.0000E-3;23.4117E-9;315.0000E-3;254.8268E-12;300.0000E-3;25.1367E-9;315.0000E-3;179.1252E-12;550.0000E-3;27.2042E-9;315.0000E-3;203.5179E-12;800.0000E-3;28.3239E-9;315.0000E-3;238.4248E-12;1.0500E+0;29.8971E-9;315.0000E-3;;;;;;;;;;;;;;;;;;;;;;;;;;;;;;;;;;;;;;;;;;;;;;;;;;;;;;;;;;;;;;;;;;;;;;;;;;;;;;;;;;;;;;;;;;;;;;;;;;;;;;;;;;;;;;;;;;;;;;;;;;;;;;;;;;;;;;;;;;;;;;;;;;;;;;;;;;;;;;;;;;;;;;;;;;;;;;;;;;;;;;;;;;;;;;;;;;;;;;;;;;;;;;;;;;;;;;;;;;;;;;;;;;;;;;;;;;;;
321.6969E-12;50.0000E-3;23.6761E-9;320.0000E-3;241.3687E-12;300.0000E-3;25.2740E-9;320.0000E-3;168.1904E-12;550.0000E-3;27.3575E-9;320.0000E-3;129.0779E-12;800.0000E-3;28.1466E-9;320.0000E-3;216.9760E-12;1.0500E+0;29.9050E-9;320.0000E-3;;;;;;;;;;;;;;;;;;;;;;;;;;;;;;;;;;;;;;;;;;;;;;;;;;;;;;;;;;;;;;;;;;;;;;;;;;;;;;;;;;;;;;;;;;;;;;;;;;;;;;;;;;;;;;;;;;;;;;;;;;;;;;;;;;;;;;;;;;;;;;;;;;;;;;;;;;;;;;;;;;;;;;;;;;;;;;;;;;;;;;;;;;;;;;;;;;;;;;;;;;;;;;;;;;;;;;;;;;;;;;;;;;;;;;;;;;;;
370.9029E-12;50.0000E-3;23.9604E-9;325.0000E-3;282.5842E-12;300.0000E-3;25.5296E-9;325.0000E-3;158.9380E-12;550.0000E-3;27.6137E-9;325.0000E-3;184.5926E-12;800.0000E-3;28.3335E-9;325.0000E-3;184.5926E-12;1.0500E+0;29.8643E-9;325.0000E-3;;;;;;;;;;;;;;;;;;;;;;;;;;;;;;;;;;;;;;;;;;;;;;;;;;;;;;;;;;;;;;;;;;;;;;;;;;;;;;;;;;;;;;;;;;;;;;;;;;;;;;;;;;;;;;;;;;;;;;;;;;;;;;;;;;;;;;;;;;;;;;;;;;;;;;;;;;;;;;;;;;;;;;;;;;;;;;;;;;;;;;;;;;;;;;;;;;;;;;;;;;;;;;;;;;;;;;;;;;;;;;;;;;;;;;;;;;;;
291.8366E-12;50.0000E-3;24.0819E-9;330.0000E-3;351.1365E-12;300.0000E-3;25.5726E-9;330.0000E-3;106.7879E-12;550.0000E-3;27.4598E-9;330.0000E-3;280.0606E-12;800.0000E-3;28.4276E-9;330.0000E-3;239.6865E-12;1.0500E+0;29.8198E-9;330.0000E-3;;;;;;;;;;;;;;;;;;;;;;;;;;;;;;;;;;;;;;;;;;;;;;;;;;;;;;;;;;;;;;;;;;;;;;;;;;;;;;;;;;;;;;;;;;;;;;;;;;;;;;;;;;;;;;;;;;;;;;;;;;;;;;;;;;;;;;;;;;;;;;;;;;;;;;;;;;;;;;;;;;;;;;;;;;;;;;;;;;;;;;;;;;;;;;;;;;;;;;;;;;;;;;;;;;;;;;;;;;;;;;;;;;;;;;;;;;;;
128.6573E-12;50.0000E-3;24.1513E-9;335.0000E-3;341.4633E-12;300.0000E-3;25.9830E-9;335.0000E-3;158.0969E-12;550.0000E-3;27.6672E-9;335.0000E-3;145.4799E-12;800.0000E-3;28.4765E-9;335.0000E-3;301.9303E-12;1.0500E+0;30.0646E-9;335.0000E-3;;;;;;;;;;;;;;;;;;;;;;;;;;;;;;;;;;;;;;;;;;;;;;;;;;;;;;;;;;;;;;;;;;;;;;;;;;;;;;;;;;;;;;;;;;;;;;;;;;;;;;;;;;;;;;;;;;;;;;;;;;;;;;;;;;;;;;;;;;;;;;;;;;;;;;;;;;;;;;;;;;;;;;;;;;;;;;;;;;;;;;;;;;;;;;;;;;;;;;;;;;;;;;;;;;;;;;;;;;;;;;;;;;;;;;;;;;;;
240.5278E-12;50.0000E-3;24.2293E-9;340.0000E-3;237.5837E-12;300.0000E-3;25.6268E-9;340.0000E-3;187.9570E-12;550.0000E-3;27.8377E-9;340.0000E-3;114.3583E-12;800.0000E-3;28.3390E-9;340.0000E-3;181.2279E-12;1.0500E+0;30.1634E-9;340.0000E-3;;;;;;;;;;;;;;;;;;;;;;;;;;;;;;;;;;;;;;;;;;;;;;;;;;;;;;;;;;;;;;;;;;;;;;;;;;;;;;;;;;;;;;;;;;;;;;;;;;;;;;;;;;;;;;;;;;;;;;;;;;;;;;;;;;;;;;;;;;;;;;;;;;;;;;;;;;;;;;;;;;;;;;;;;;;;;;;;;;;;;;;;;;;;;;;;;;;;;;;;;;;;;;;;;;;;;;;;;;;;;;;;;;;;;;;;;;;;
315.8089E-12;50.0000E-3;24.3344E-9;345.0000E-3;252.3035E-12;300.0000E-3;25.6671E-9;345.0000E-3;230.4341E-12;550.0000E-3;27.8952E-9;345.0000E-3;143.7979E-12;800.0000E-3;28.4269E-9;345.0000E-3;224.9667E-12;1.0500E+0;30.1839E-9;345.0000E-3;;;;;;;;;;;;;;;;;;;;;;;;;;;;;;;;;;;;;;;;;;;;;;;;;;;;;;;;;;;;;;;;;;;;;;;;;;;;;;;;;;;;;;;;;;;;;;;;;;;;;;;;;;;;;;;;;;;;;;;;;;;;;;;;;;;;;;;;;;;;;;;;;;;;;;;;;;;;;;;;;;;;;;;;;;;;;;;;;;;;;;;;;;;;;;;;;;;;;;;;;;;;;;;;;;;;;;;;;;;;;;;;;;;;;;;;;;;;
249.3594E-12;50.0000E-3;24.3176E-9;350.0000E-3;252.7241E-12;300.0000E-3;25.9863E-9;350.0000E-3;156.8352E-12;550.0000E-3;28.3275E-9;350.0000E-3;232.5369E-12;800.0000E-3;28.4918E-9;350.0000E-3;206.8825E-12;1.0500E+0;30.2686E-9;350.0000E-3;;;;;;;;;;;;;;;;;;;;;;;;;;;;;;;;;;;;;;;;;;;;;;;;;;;;;;;;;;;;;;;;;;;;;;;;;;;;;;;;;;;;;;;;;;;;;;;;;;;;;;;;;;;;;;;;;;;;;;;;;;;;;;;;;;;;;;;;;;;;;;;;;;;;;;;;;;;;;;;;;;;;;;;;;;;;;;;;;;;;;;;;;;;;;;;;;;;;;;;;;;;;;;;;;;;;;;;;;;;;;;;;;;;;;;;;;;;;
209.4058E-12;50.0000E-3;24.5483E-9;355.0000E-3;230.0136E-12;300.0000E-3;25.9440E-9;355.0000E-3;277.5373E-12;550.0000E-3;28.1251E-9;355.0000E-3;234.2191E-12;800.0000E-3;28.4463E-9;355.0000E-3;193.0038E-12;1.0500E+0;30.5152E-9;355.0000E-3;;;;;;;;;;;;;;;;;;;;;;;;;;;;;;;;;;;;;;;;;;;;;;;;;;;;;;;;;;;;;;;;;;;;;;;;;;;;;;;;;;;;;;;;;;;;;;;;;;;;;;;;;;;;;;;;;;;;;;;;;;;;;;;;;;;;;;;;;;;;;;;;;;;;;;;;;;;;;;;;;;;;;;;;;;;;;;;;;;;;;;;;;;;;;;;;;;;;;;;;;;;;;;;;;;;;;;;;;;;;;;;;;;;;;;;;;;;;
323.3791E-12;50.0000E-3;24.6291E-9;360.0000E-3;162.3024E-12;300.0000E-3;25.9090E-9;360.0000E-3;198.4712E-12;550.0000E-3;28.0703E-9;360.0000E-3;286.7899E-12;800.0000E-3;28.8216E-9;360.0000E-3;118.1433E-12;1.0500E+0;30.3087E-9;360.0000E-3;;;;;;;;;;;;;;;;;;;;;;;;;;;;;;;;;;;;;;;;;;;;;;;;;;;;;;;;;;;;;;;;;;;;;;;;;;;;;;;;;;;;;;;;;;;;;;;;;;;;;;;;;;;;;;;;;;;;;;;;;;;;;;;;;;;;;;;;;;;;;;;;;;;;;;;;;;;;;;;;;;;;;;;;;;;;;;;;;;;;;;;;;;;;;;;;;;;;;;;;;;;;;;;;;;;;;;;;;;;;;;;;;;;;;;;;;;;;
374.6881E-12;50.0000E-3;24.6411E-9;365.0000E-3;278.3787E-12;300.0000E-3;25.9236E-9;365.0000E-3;267.4438E-12;550.0000E-3;28.2615E-9;365.0000E-3;211.0883E-12;800.0000E-3;28.6516E-9;365.0000E-3;163.9848E-12;1.0500E+0;30.2820E-9;365.0000E-3;;;;;;;;;;;;;;;;;;;;;;;;;;;;;;;;;;;;;;;;;;;;;;;;;;;;;;;;;;;;;;;;;;;;;;;;;;;;;;;;;;;;;;;;;;;;;;;;;;;;;;;;;;;;;;;;;;;;;;;;;;;;;;;;;;;;;;;;;;;;;;;;;;;;;;;;;;;;;;;;;;;;;;;;;;;;;;;;;;;;;;;;;;;;;;;;;;;;;;;;;;;;;;;;;;;;;;;;;;;;;;;;;;;;;;;;;;;;
312.0237E-12;50.0000E-3;24.6138E-9;370.0000E-3;259.4531E-12;300.0000E-3;25.9081E-9;370.0000E-3;165.2465E-12;550.0000E-3;28.1921E-9;370.0000E-3;207.3031E-12;800.0000E-3;28.9697E-9;370.0000E-3;120.2460E-12;1.0500E+0;30.3574E-9;370.0000E-3;;;;;;;;;;;;;;;;;;;;;;;;;;;;;;;;;;;;;;;;;;;;;;;;;;;;;;;;;;;;;;;;;;;;;;;;;;;;;;;;;;;;;;;;;;;;;;;;;;;;;;;;;;;;;;;;;;;;;;;;;;;;;;;;;;;;;;;;;;;;;;;;;;;;;;;;;;;;;;;;;;;;;;;;;;;;;;;;;;;;;;;;;;;;;;;;;;;;;;;;;;;;;;;;;;;;;;;;;;;;;;;;;;;;;;;;;;;;
258.1915E-12;50.0000E-3;24.8205E-9;375.0000E-3;230.4341E-12;300.0000E-3;26.1482E-9;375.0000E-3;154.7324E-12;550.0000E-3;28.4238E-9;375.0000E-3;224.5462E-12;800.0000E-3;29.2298E-9;375.0000E-3;234.2191E-12;1.0500E+0;30.2691E-9;375.0000E-3;;;;;;;;;;;;;;;;;;;;;;;;;;;;;;;;;;;;;;;;;;;;;;;;;;;;;;;;;;;;;;;;;;;;;;;;;;;;;;;;;;;;;;;;;;;;;;;;;;;;;;;;;;;;;;;;;;;;;;;;;;;;;;;;;;;;;;;;;;;;;;;;;;;;;;;;;;;;;;;;;;;;;;;;;;;;;;;;;;;;;;;;;;;;;;;;;;;;;;;;;;;;;;;;;;;;;;;;;;;;;;;;;;;;;;;;;;;;
346.0894E-12;50.0000E-3;24.8706E-9;380.0000E-3;241.7895E-12;300.0000E-3;26.0852E-9;380.0000E-3;155.1530E-12;550.0000E-3;28.2753E-9;380.0000E-3;211.0883E-12;800.0000E-3;29.2131E-9;380.0000E-3;182.9104E-12;1.0500E+0;30.2597E-9;380.0000E-3;;;;;;;;;;;;;;;;;;;;;;;;;;;;;;;;;;;;;;;;;;;;;;;;;;;;;;;;;;;;;;;;;;;;;;;;;;;;;;;;;;;;;;;;;;;;;;;;;;;;;;;;;;;;;;;;;;;;;;;;;;;;;;;;;;;;;;;;;;;;;;;;;;;;;;;;;;;;;;;;;;;;;;;;;;;;;;;;;;;;;;;;;;;;;;;;;;;;;;;;;;;;;;;;;;;;;;;;;;;;;;;;;;;;;;;;;;;;
217.8171E-12;50.0000E-3;24.9875E-9;385.0000E-3;311.1826E-12;300.0000E-3;26.3475E-9;385.0000E-3;153.8911E-12;550.0000E-3;28.2542E-9;385.0000E-3;181.6487E-12;800.0000E-3;29.2115E-9;385.0000E-3;243.8922E-12;1.0500E+0;30.8998E-9;385.0000E-3;;;;;;;;;;;;;;;;;;;;;;;;;;;;;;;;;;;;;;;;;;;;;;;;;;;;;;;;;;;;;;;;;;;;;;;;;;;;;;;;;;;;;;;;;;;;;;;;;;;;;;;;;;;;;;;;;;;;;;;;;;;;;;;;;;;;;;;;;;;;;;;;;;;;;;;;;;;;;;;;;;;;;;;;;;;;;;;;;;;;;;;;;;;;;;;;;;;;;;;;;;;;;;;;;;;;;;;;;;;;;;;;;;;;;;;;;;;;
245.1539E-12;50.0000E-3;24.7520E-9;390.0000E-3;260.2942E-12;300.0000E-3;26.3092E-9;390.0000E-3;103.0029E-12;550.0000E-3;28.4382E-9;390.0000E-3;36.9742E-12;800.0000E-3;29.4109E-9;390.0000E-3;338.9398E-12;1.0500E+0;31.1240E-9;390.0000E-3;;;;;;;;;;;;;;;;;;;;;;;;;;;;;;;;;;;;;;;;;;;;;;;;;;;;;;;;;;;;;;;;;;;;;;;;;;;;;;;;;;;;;;;;;;;;;;;;;;;;;;;;;;;;;;;;;;;;;;;;;;;;;;;;;;;;;;;;;;;;;;;;;;;;;;;;;;;;;;;;;;;;;;;;;;;;;;;;;;;;;;;;;;;;;;;;;;;;;;;;;;;;;;;;;;;;;;;;;;;;;;;;;;;;;;;;;;;;
296.8834E-12;50.0000E-3;24.9940E-9;395.0000E-3;234.6399E-12;300.0000E-3;26.2435E-9;395.0000E-3;231.2752E-12;550.0000E-3;28.4981E-9;395.0000E-3;137.0686E-12;800.0000E-3;29.1903E-9;395.0000E-3;280.9020E-12;1.0500E+0;31.0637E-9;395.0000E-3;;;;;;;;;;;;;;;;;;;;;;;;;;;;;;;;;;;;;;;;;;;;;;;;;;;;;;;;;;;;;;;;;;;;;;;;;;;;;;;;;;;;;;;;;;;;;;;;;;;;;;;;;;;;;;;;;;;;;;;;;;;;;;;;;;;;;;;;;;;;;;;;;;;;;;;;;;;;;;;;;;;;;;;;;;;;;;;;;;;;;;;;;;;;;;;;;;;;;;;;;;;;;;;;;;;;;;;;;;;;;;;;;;;;;;;;;;;;
299.4069E-12;50.0000E-3;25.1240E-9;400.0000E-3;299.4069E-12;300.0000E-3;26.4241E-9;400.0000E-3;196.3683E-12;550.0000E-3;28.6960E-9;400.0000E-3;179.9663E-12;800.0000E-3;29.1282E-9;400.0000E-3;129.0779E-12;1.0500E+0;31.3673E-9;400.0000E-3;;;;;;;;;;;;;;;;;;;;;;;;;;;;;;;;;;;;;;;;;;;;;;;;;;;;;;;;;;;;;;;;;;;;;;;;;;;;;;;;;;;;;;;;;;;;;;;;;;;;;;;;;;;;;;;;;;;;;;;;;;;;;;;;;;;;;;;;;;;;;;;;;;;;;;;;;;;;;;;;;;;;;;;;;;;;;;;;;;;;;;;;;;;;;;;;;;;;;;;;;;;;;;;;;;;;;;;;;;;;;;;;;;;;;;;;;;;;
193.4244E-12;50.0000E-3;25.1781E-9;405.0000E-3;258.6120E-12;300.0000E-3;26.4453E-9;405.0000E-3;167.7700E-12;550.0000E-3;28.6923E-9;405.0000E-3;156.4147E-12;800.0000E-3;29.3983E-9;405.0000E-3;199.3123E-12;1.0500E+0;31.1130E-9;405.0000E-3;;;;;;;;;;;;;;;;;;;;;;;;;;;;;;;;;;;;;;;;;;;;;;;;;;;;;;;;;;;;;;;;;;;;;;;;;;;;;;;;;;;;;;;;;;;;;;;;;;;;;;;;;;;;;;;;;;;;;;;;;;;;;;;;;;;;;;;;;;;;;;;;;;;;;;;;;;;;;;;;;;;;;;;;;;;;;;;;;;;;;;;;;;;;;;;;;;;;;;;;;;;;;;;;;;;;;;;;;;;;;;;;;;;;;;;;;;;;
298.9862E-12;50.0000E-3;24.9181E-9;410.0000E-3;366.2766E-12;300.0000E-3;26.5916E-9;410.0000E-3;168.6111E-12;550.0000E-3;28.6673E-9;410.0000E-3;215.7143E-12;800.0000E-3;29.2942E-9;410.0000E-3;257.7707E-12;1.0500E+0;30.9521E-9;410.0000E-3;;;;;;;;;;;;;;;;;;;;;;;;;;;;;;;;;;;;;;;;;;;;;;;;;;;;;;;;;;;;;;;;;;;;;;;;;;;;;;;;;;;;;;;;;;;;;;;;;;;;;;;;;;;;;;;;;;;;;;;;;;;;;;;;;;;;;;;;;;;;;;;;;;;;;;;;;;;;;;;;;;;;;;;;;;;;;;;;;;;;;;;;;;;;;;;;;;;;;;;;;;;;;;;;;;;;;;;;;;;;;;;;;;;;;;;;;;;;
281.7431E-12;50.0000E-3;25.1039E-9;415.0000E-3;299.4069E-12;300.0000E-3;26.6353E-9;415.0000E-3;129.0779E-12;550.0000E-3;28.8606E-9;415.0000E-3;205.6209E-12;800.0000E-3;29.5033E-9;415.0000E-3;228.3311E-12;1.0500E+0;31.3894E-9;415.0000E-3;;;;;;;;;;;;;;;;;;;;;;;;;;;;;;;;;;;;;;;;;;;;;;;;;;;;;;;;;;;;;;;;;;;;;;;;;;;;;;;;;;;;;;;;;;;;;;;;;;;;;;;;;;;;;;;;;;;;;;;;;;;;;;;;;;;;;;;;;;;;;;;;;;;;;;;;;;;;;;;;;;;;;;;;;;;;;;;;;;;;;;;;;;;;;;;;;;;;;;;;;;;;;;;;;;;;;;;;;;;;;;;;;;;;;;;;;;;;
273.3318E-12;50.0000E-3;25.2120E-9;420.0000E-3;215.2938E-12;300.0000E-3;26.4348E-9;420.0000E-3;126.5545E-12;550.0000E-3;28.6654E-9;420.0000E-3;229.1725E-12;800.0000E-3;29.5625E-9;420.0000E-3;164.8259E-12;1.0500E+0;31.4409E-9;420.0000E-3;;;;;;;;;;;;;;;;;;;;;;;;;;;;;;;;;;;;;;;;;;;;;;;;;;;;;;;;;;;;;;;;;;;;;;;;;;;;;;;;;;;;;;;;;;;;;;;;;;;;;;;;;;;;;;;;;;;;;;;;;;;;;;;;;;;;;;;;;;;;;;;;;;;;;;;;;;;;;;;;;;;;;;;;;;;;;;;;;;;;;;;;;;;;;;;;;;;;;;;;;;;;;;;;;;;;;;;;;;;;;;;;;;;;;;;;;;;;
126.5545E-12;50.0000E-3;25.2261E-9;425.0000E-3;251.0419E-12;300.0000E-3;26.3851E-9;425.0000E-3;127.3956E-12;550.0000E-3;28.7827E-9;425.0000E-3;203.0973E-12;800.0000E-3;29.3800E-9;425.0000E-3;182.4896E-12;1.0500E+0;31.5237E-9;425.0000E-3;;;;;;;;;;;;;;;;;;;;;;;;;;;;;;;;;;;;;;;;;;;;;;;;;;;;;;;;;;;;;;;;;;;;;;;;;;;;;;;;;;;;;;;;;;;;;;;;;;;;;;;;;;;;;;;;;;;;;;;;;;;;;;;;;;;;;;;;;;;;;;;;;;;;;;;;;;;;;;;;;;;;;;;;;;;;;;;;;;;;;;;;;;;;;;;;;;;;;;;;;;;;;;;;;;;;;;;;;;;;;;;;;;;;;;;;;;;;
200.1534E-12;50.0000E-3;25.2746E-9;430.0000E-3;243.4717E-12;300.0000E-3;26.3568E-9;430.0000E-3;235.9015E-12;550.0000E-3;28.7479E-9;430.0000E-3;255.6682E-12;800.0000E-3;29.4541E-9;430.0000E-3;238.8454E-12;1.0500E+0;31.2854E-9;430.0000E-3;;;;;;;;;;;;;;;;;;;;;;;;;;;;;;;;;;;;;;;;;;;;;;;;;;;;;;;;;;;;;;;;;;;;;;;;;;;;;;;;;;;;;;;;;;;;;;;;;;;;;;;;;;;;;;;;;;;;;;;;;;;;;;;;;;;;;;;;;;;;;;;;;;;;;;;;;;;;;;;;;;;;;;;;;;;;;;;;;;;;;;;;;;;;;;;;;;;;;;;;;;;;;;;;;;;;;;;;;;;;;;;;;;;;;;;;;;;;
264.5000E-12;50.0000E-3;25.3958E-9;435.0000E-3;227.9108E-12;300.0000E-3;26.3153E-9;435.0000E-3;228.7519E-12;550.0000E-3;28.8827E-9;435.0000E-3;181.2279E-12;800.0000E-3;29.3395E-9;435.0000E-3;252.3035E-12;1.0500E+0;31.5601E-9;435.0000E-3;;;;;;;;;;;;;;;;;;;;;;;;;;;;;;;;;;;;;;;;;;;;;;;;;;;;;;;;;;;;;;;;;;;;;;;;;;;;;;;;;;;;;;;;;;;;;;;;;;;;;;;;;;;;;;;;;;;;;;;;;;;;;;;;;;;;;;;;;;;;;;;;;;;;;;;;;;;;;;;;;;;;;;;;;;;;;;;;;;;;;;;;;;;;;;;;;;;;;;;;;;;;;;;;;;;;;;;;;;;;;;;;;;;;;;;;;;;;
306.1358E-12;50.0000E-3;25.5208E-9;440.0000E-3;254.4063E-12;300.0000E-3;26.3699E-9;440.0000E-3;234.2191E-12;550.0000E-3;28.5404E-9;440.0000E-3;180.8074E-12;800.0000E-3;29.6204E-9;440.0000E-3;274.5935E-12;1.0500E+0;31.7179E-9;440.0000E-3;;;;;;;;;;;;;;;;;;;;;;;;;;;;;;;;;;;;;;;;;;;;;;;;;;;;;;;;;;;;;;;;;;;;;;;;;;;;;;;;;;;;;;;;;;;;;;;;;;;;;;;;;;;;;;;;;;;;;;;;;;;;;;;;;;;;;;;;;;;;;;;;;;;;;;;;;;;;;;;;;;;;;;;;;;;;;;;;;;;;;;;;;;;;;;;;;;;;;;;;;;;;;;;;;;;;;;;;;;;;;;;;;;;;;;;;;;;;
188.3775E-12;50.0000E-3;25.3168E-9;445.0000E-3;261.1353E-12;300.0000E-3;26.3558E-9;445.0000E-3;278.3787E-12;550.0000E-3;28.7949E-9;445.0000E-3;94.1709E-12;800.0000E-3;29.7359E-9;445.0000E-3;314.1265E-12;1.0500E+0;31.8581E-9;445.0000E-3;;;;;;;;;;;;;;;;;;;;;;;;;;;;;;;;;;;;;;;;;;;;;;;;;;;;;;;;;;;;;;;;;;;;;;;;;;;;;;;;;;;;;;;;;;;;;;;;;;;;;;;;;;;;;;;;;;;;;;;;;;;;;;;;;;;;;;;;;;;;;;;;;;;;;;;;;;;;;;;;;;;;;;;;;;;;;;;;;;;;;;;;;;;;;;;;;;;;;;;;;;;;;;;;;;;;;;;;;;;;;;;;;;;;;;;;;;;;
239.2659E-12;50.0000E-3;25.3380E-9;450.0000E-3;177.8635E-12;300.0000E-3;26.5542E-9;450.0000E-3;212.7702E-12;550.0000E-3;28.6554E-9;450.0000E-3;142.9565E-12;800.0000E-3;29.3942E-9;450.0000E-3;280.0606E-12;1.0500E+0;31.3260E-9;450.0000E-3;;;;;;;;;;;;;;;;;;;;;;;;;;;;;;;;;;;;;;;;;;;;;;;;;;;;;;;;;;;;;;;;;;;;;;;;;;;;;;;;;;;;;;;;;;;;;;;;;;;;;;;;;;;;;;;;;;;;;;;;;;;;;;;;;;;;;;;;;;;;;;;;;;;;;;;;;;;;;;;;;;;;;;;;;;;;;;;;;;;;;;;;;;;;;;;;;;;;;;;;;;;;;;;;;;;;;;;;;;;;;;;;;;;;;;;;;;;;
241.3687E-12;50.0000E-3;25.3541E-9;455.0000E-3;205.2003E-12;300.0000E-3;26.5120E-9;455.0000E-3;233.7985E-12;550.0000E-3;28.8884E-9;455.0000E-3;126.5545E-12;800.0000E-3;29.1822E-9;455.0000E-3;196.7890E-12;1.0500E+0;31.6391E-9;455.0000E-3;;;;;;;;;;;;;;;;;;;;;;;;;;;;;;;;;;;;;;;;;;;;;;;;;;;;;;;;;;;;;;;;;;;;;;;;;;;;;;;;;;;;;;;;;;;;;;;;;;;;;;;;;;;;;;;;;;;;;;;;;;;;;;;;;;;;;;;;;;;;;;;;;;;;;;;;;;;;;;;;;;;;;;;;;;;;;;;;;;;;;;;;;;;;;;;;;;;;;;;;;;;;;;;;;;;;;;;;;;;;;;;;;;;;;;;;;;;;
186.6953E-12;50.0000E-3;25.5214E-9;460.0000E-3;222.0228E-12;300.0000E-3;26.6957E-9;460.0000E-3;267.8644E-12;550.0000E-3;28.8221E-9;460.0000E-3;152.6295E-12;800.0000E-3;29.3657E-9;460.0000E-3;171.5550E-12;1.0500E+0;31.3902E-9;460.0000E-3;;;;;;;;;;;;;;;;;;;;;;;;;;;;;;;;;;;;;;;;;;;;;;;;;;;;;;;;;;;;;;;;;;;;;;;;;;;;;;;;;;;;;;;;;;;;;;;;;;;;;;;;;;;;;;;;;;;;;;;;;;;;;;;;;;;;;;;;;;;;;;;;;;;;;;;;;;;;;;;;;;;;;;;;;;;;;;;;;;;;;;;;;;;;;;;;;;;;;;;;;;;;;;;;;;;;;;;;;;;;;;;;;;;;;;;;;;;;
230.8547E-12;50.0000E-3;25.5178E-9;465.0000E-3;296.0423E-12;300.0000E-3;26.6673E-9;465.0000E-3;181.2279E-12;550.0000E-3;28.8886E-9;465.0000E-3;196.7890E-12;800.0000E-3;29.6879E-9;465.0000E-3;210.2469E-12;1.0500E+0;31.5242E-9;465.0000E-3;;;;;;;;;;;;;;;;;;;;;;;;;;;;;;;;;;;;;;;;;;;;;;;;;;;;;;;;;;;;;;;;;;;;;;;;;;;;;;;;;;;;;;;;;;;;;;;;;;;;;;;;;;;;;;;;;;;;;;;;;;;;;;;;;;;;;;;;;;;;;;;;;;;;;;;;;;;;;;;;;;;;;;;;;;;;;;;;;;;;;;;;;;;;;;;;;;;;;;;;;;;;;;;;;;;;;;;;;;;;;;;;;;;;;;;;;;;;
190.4803E-12;50.0000E-3;25.2822E-9;470.0000E-3;224.5462E-12;300.0000E-3;26.7226E-9;470.0000E-3;205.2003E-12;550.0000E-3;29.0262E-9;470.0000E-3;231.6958E-12;800.0000E-3;29.7842E-9;470.0000E-3;287.2103E-12;1.0500E+0;31.2688E-9;470.0000E-3;;;;;;;;;;;;;;;;;;;;;;;;;;;;;;;;;;;;;;;;;;;;;;;;;;;;;;;;;;;;;;;;;;;;;;;;;;;;;;;;;;;;;;;;;;;;;;;;;;;;;;;;;;;;;;;;;;;;;;;;;;;;;;;;;;;;;;;;;;;;;;;;;;;;;;;;;;;;;;;;;;;;;;;;;;;;;;;;;;;;;;;;;;;;;;;;;;;;;;;;;;;;;;;;;;;;;;;;;;;;;;;;;;;;;;;;;;;;
256.9298E-12;50.0000E-3;25.4598E-9;475.0000E-3;262.3970E-12;300.0000E-3;26.9908E-9;475.0000E-3;232.9574E-12;550.0000E-3;28.8869E-9;475.0000E-3;300.2478E-12;800.0000E-3;29.6192E-9;475.0000E-3;194.2655E-12;1.0500E+0;31.5562E-9;475.0000E-3;;;;;;;;;;;;;;;;;;;;;;;;;;;;;;;;;;;;;;;;;;;;;;;;;;;;;;;;;;;;;;;;;;;;;;;;;;;;;;;;;;;;;;;;;;;;;;;;;;;;;;;;;;;;;;;;;;;;;;;;;;;;;;;;;;;;;;;;;;;;;;;;;;;;;;;;;;;;;;;;;;;;;;;;;;;;;;;;;;;;;;;;;;;;;;;;;;;;;;;;;;;;;;;;;;;;;;;;;;;;;;;;;;;;;;;;;;;;
342.3044E-12;50.0000E-3;25.6071E-9;480.0000E-3;294.7806E-12;300.0000E-3;26.8457E-9;480.0000E-3;209.4058E-12;550.0000E-3;29.0330E-9;480.0000E-3;174.9194E-12;800.0000E-3;29.6771E-9;480.0000E-3;259.8737E-12;1.0500E+0;31.7933E-9;480.0000E-3;;;;;;;;;;;;;;;;;;;;;;;;;;;;;;;;;;;;;;;;;;;;;;;;;;;;;;;;;;;;;;;;;;;;;;;;;;;;;;;;;;;;;;;;;;;;;;;;;;;;;;;;;;;;;;;;;;;;;;;;;;;;;;;;;;;;;;;;;;;;;;;;;;;;;;;;;;;;;;;;;;;;;;;;;;;;;;;;;;;;;;;;;;;;;;;;;;;;;;;;;;;;;;;;;;;;;;;;;;;;;;;;;;;;;;;;;;;;
245.5744E-12;50.0000E-3;25.5267E-9;485.0000E-3;246.4156E-12;300.0000E-3;27.0124E-9;485.0000E-3;158.5174E-12;550.0000E-3;29.0509E-9;485.0000E-3;175.3400E-12;800.0000E-3;29.7387E-9;485.0000E-3;264.0794E-12;1.0500E+0;31.4643E-9;485.0000E-3;;;;;;;;;;;;;;;;;;;;;;;;;;;;;;;;;;;;;;;;;;;;;;;;;;;;;;;;;;;;;;;;;;;;;;;;;;;;;;;;;;;;;;;;;;;;;;;;;;;;;;;;;;;;;;;;;;;;;;;;;;;;;;;;;;;;;;;;;;;;;;;;;;;;;;;;;;;;;;;;;;;;;;;;;;;;;;;;;;;;;;;;;;;;;;;;;;;;;;;;;;;;;;;;;;;;;;;;;;;;;;;;;;;;;;;;;;;;
325.9024E-12;50.0000E-3;25.6926E-9;490.0000E-3;320.0145E-12;300.0000E-3;26.9591E-9;490.0000E-3;193.8449E-12;550.0000E-3;28.8902E-9;490.0000E-3;179.1252E-12;800.0000E-3;29.4659E-9;490.0000E-3;274.1729E-12;1.0500E+0;31.3625E-9;490.0000E-3;;;;;;;;;;;;;;;;;;;;;;;;;;;;;;;;;;;;;;;;;;;;;;;;;;;;;;;;;;;;;;;;;;;;;;;;;;;;;;;;;;;;;;;;;;;;;;;;;;;;;;;;;;;;;;;;;;;;;;;;;;;;;;;;;;;;;;;;;;;;;;;;;;;;;;;;;;;;;;;;;;;;;;;;;;;;;;;;;;;;;;;;;;;;;;;;;;;;;;;;;;;;;;;;;;;;;;;;;;;;;;;;;;;;;;;;;;;;
269.5466E-12;50.0000E-3;25.4816E-9;495.0000E-3;300.2478E-12;300.0000E-3;27.2539E-9;495.0000E-3;157.2558E-12;550.0000E-3;29.0843E-9;495.0000E-3;143.3771E-12;800.0000E-3;29.5837E-9;495.0000E-3;361.2299E-12;1.0500E+0;31.3948E-9;495.0000E-3;;;;;;;;;;;;;;;;;;;;;;;;;;;;;;;;;;;;;;;;;;;;;;;;;;;;;;;;;;;;;;;;;;;;;;;;;;;;;;;;;;;;;;;;;;;;;;;;;;;;;;;;;;;;;;;;;;;;;;;;;;;;;;;;;;;;;;;;;;;;;;;;;;;;;;;;;;;;;;;;;;;;;;;;;;;;;;;;;;;;;;;;;;;;;;;;;;;;;;;;;;;;;;;;;;;;;;;;;;;;;;;;;;;;;;;;;;;;
238.8454E-12;50.0000E-3;25.5478E-9;500.0000E-3;328.4257E-12;300.0000E-3;27.1501E-9;500.0000E-3;148.8445E-12;550.0000E-3;28.7653E-9;500.0000E-3;9.6374E-12;800.0000E-3;29.6767E-9;500.0000E-3;316.2295E-12;1.0500E+0;31.8816E-9;500.0000E-3;;;;;;;;;;;;;;;;;;;;;;;;;;;;;;;;;;;;;;;;;;;;;;;;;;;;;;;;;;;;;;;;;;;;;;;;;;;;;;;;;;;;;;;;;;;;;;;;;;;;;;;;;;;;;;;;;;;;;;;;;;;;;;;;;;;;;;;;;;;;;;;;;;;;;;;;;;;;;;;;;;;;;;;;;;;;;;;;;;;;;;;;;;;;;;;;;;;;;;;;;;;;;;;;;;;;;;;;;;;;;;;;;;;;;;;;;;;;
245.9950E-12;50.0000E-3;25.5061E-9;505.0000E-3;318.3322E-12;300.0000E-3;27.1581E-9;505.0000E-3;204.7795E-12;550.0000E-3;28.8549E-9;505.0000E-3;149.2650E-12;800.0000E-3;29.7713E-9;505.0000E-3;308.6593E-12;1.0500E+0;31.8425E-9;505.0000E-3;;;;;;;;;;;;;;;;;;;;;;;;;;;;;;;;;;;;;;;;;;;;;;;;;;;;;;;;;;;;;;;;;;;;;;;;;;;;;;;;;;;;;;;;;;;;;;;;;;;;;;;;;;;;;;;;;;;;;;;;;;;;;;;;;;;;;;;;;;;;;;;;;;;;;;;;;;;;;;;;;;;;;;;;;;;;;;;;;;;;;;;;;;;;;;;;;;;;;;;;;;;;;;;;;;;;;;;;;;;;;;;;;;;;;;;;;;;;
243.8922E-12;50.0000E-3;25.4868E-9;510.0000E-3;285.5280E-12;300.0000E-3;27.2359E-9;510.0000E-3;149.2650E-12;550.0000E-3;28.8256E-9;510.0000E-3;198.0507E-12;800.0000E-3;30.0075E-9;510.0000E-3;190.9011E-12;1.0500E+0;31.6353E-9;510.0000E-3;;;;;;;;;;;;;;;;;;;;;;;;;;;;;;;;;;;;;;;;;;;;;;;;;;;;;;;;;;;;;;;;;;;;;;;;;;;;;;;;;;;;;;;;;;;;;;;;;;;;;;;;;;;;;;;;;;;;;;;;;;;;;;;;;;;;;;;;;;;;;;;;;;;;;;;;;;;;;;;;;;;;;;;;;;;;;;;;;;;;;;;;;;;;;;;;;;;;;;;;;;;;;;;;;;;;;;;;;;;;;;;;;;;;;;;;;;;;
157.6763E-12;50.0000E-3;25.4312E-9;515.0000E-3;263.6587E-12;300.0000E-3;27.3479E-9;515.0000E-3;145.0595E-12;550.0000E-3;28.6365E-9;515.0000E-3;129.9190E-12;800.0000E-3;29.9872E-9;515.0000E-3;193.0038E-12;1.0500E+0;31.6584E-9;515.0000E-3;;;;;;;;;;;;;;;;;;;;;;;;;;;;;;;;;;;;;;;;;;;;;;;;;;;;;;;;;;;;;;;;;;;;;;;;;;;;;;;;;;;;;;;;;;;;;;;;;;;;;;;;;;;;;;;;;;;;;;;;;;;;;;;;;;;;;;;;;;;;;;;;;;;;;;;;;;;;;;;;;;;;;;;;;;;;;;;;;;;;;;;;;;;;;;;;;;;;;;;;;;;;;;;;;;;;;;;;;;;;;;;;;;;;;;;;;;;;
178.2841E-12;50.0000E-3;25.3735E-9;520.0000E-3;290.1543E-12;300.0000E-3;27.2692E-9;520.0000E-3;245.5744E-12;550.0000E-3;28.7680E-9;520.0000E-3;177.4429E-12;800.0000E-3;29.7996E-9;520.0000E-3;241.7895E-12;1.0500E+0;32.1313E-9;520.0000E-3;;;;;;;;;;;;;;;;;;;;;;;;;;;;;;;;;;;;;;;;;;;;;;;;;;;;;;;;;;;;;;;;;;;;;;;;;;;;;;;;;;;;;;;;;;;;;;;;;;;;;;;;;;;;;;;;;;;;;;;;;;;;;;;;;;;;;;;;;;;;;;;;;;;;;;;;;;;;;;;;;;;;;;;;;;;;;;;;;;;;;;;;;;;;;;;;;;;;;;;;;;;;;;;;;;;;;;;;;;;;;;;;;;;;;;;;;;;;
241.3687E-12;50.0000E-3;25.4332E-9;525.0000E-3;371.7440E-12;300.0000E-3;27.4034E-9;525.0000E-3;181.6487E-12;550.0000E-3;28.6333E-9;525.0000E-3;209.4058E-12;800.0000E-3;30.0863E-9;525.0000E-3;160.1996E-12;1.0500E+0;32.0390E-9;525.0000E-3;;;;;;;;;;;;;;;;;;;;;;;;;;;;;;;;;;;;;;;;;;;;;;;;;;;;;;;;;;;;;;;;;;;;;;;;;;;;;;;;;;;;;;;;;;;;;;;;;;;;;;;;;;;;;;;;;;;;;;;;;;;;;;;;;;;;;;;;;;;;;;;;;;;;;;;;;;;;;;;;;;;;;;;;;;;;;;;;;;;;;;;;;;;;;;;;;;;;;;;;;;;;;;;;;;;;;;;;;;;;;;;;;;;;;;;;;;;;
230.0136E-12;50.0000E-3;25.3840E-9;530.0000E-3;213.6116E-12;300.0000E-3;27.7223E-9;530.0000E-3;155.5736E-12;550.0000E-3;28.8408E-9;530.0000E-3;234.2191E-12;800.0000E-3;30.2999E-9;530.0000E-3;203.5179E-12;1.0500E+0;32.2558E-9;530.0000E-3;;;;;;;;;;;;;;;;;;;;;;;;;;;;;;;;;;;;;;;;;;;;;;;;;;;;;;;;;;;;;;;;;;;;;;;;;;;;;;;;;;;;;;;;;;;;;;;;;;;;;;;;;;;;;;;;;;;;;;;;;;;;;;;;;;;;;;;;;;;;;;;;;;;;;;;;;;;;;;;;;;;;;;;;;;;;;;;;;;;;;;;;;;;;;;;;;;;;;;;;;;;;;;;;;;;;;;;;;;;;;;;;;;;;;;;;;;;;
293.0982E-12;50.0000E-3;25.5626E-9;535.0000E-3;333.4726E-12;300.0000E-3;27.7077E-9;535.0000E-3;161.0407E-12;550.0000E-3;28.8980E-9;535.0000E-3;107.6290E-12;800.0000E-3;29.9637E-9;535.0000E-3;165.2465E-12;1.0500E+0;32.0163E-9;535.0000E-3;;;;;;;;;;;;;;;;;;;;;;;;;;;;;;;;;;;;;;;;;;;;;;;;;;;;;;;;;;;;;;;;;;;;;;;;;;;;;;;;;;;;;;;;;;;;;;;;;;;;;;;;;;;;;;;;;;;;;;;;;;;;;;;;;;;;;;;;;;;;;;;;;;;;;;;;;;;;;;;;;;;;;;;;;;;;;;;;;;;;;;;;;;;;;;;;;;;;;;;;;;;;;;;;;;;;;;;;;;;;;;;;;;;;;;;;;;;;
343.5661E-12;50.0000E-3;25.3065E-9;540.0000E-3;309.0799E-12;300.0000E-3;27.8178E-9;540.0000E-3;293.9395E-12;550.0000E-3;29.0870E-9;540.0000E-3;92.9092E-12;800.0000E-3;29.8525E-9;540.0000E-3;223.7051E-12;1.0500E+0;32.2068E-9;540.0000E-3;;;;;;;;;;;;;;;;;;;;;;;;;;;;;;;;;;;;;;;;;;;;;;;;;;;;;;;;;;;;;;;;;;;;;;;;;;;;;;;;;;;;;;;;;;;;;;;;;;;;;;;;;;;;;;;;;;;;;;;;;;;;;;;;;;;;;;;;;;;;;;;;;;;;;;;;;;;;;;;;;;;;;;;;;;;;;;;;;;;;;;;;;;;;;;;;;;;;;;;;;;;;;;;;;;;;;;;;;;;;;;;;;;;;;;;;;;;;
340.2016E-12;50.0000E-3;25.3589E-9;545.0000E-3;268.2849E-12;300.0000E-3;27.8051E-9;545.0000E-3;106.3674E-12;550.0000E-3;29.1139E-9;545.0000E-3;100.9000E-12;800.0000E-3;29.6796E-9;545.0000E-3;212.7702E-12;1.0500E+0;32.6128E-9;545.0000E-3;;;;;;;;;;;;;;;;;;;;;;;;;;;;;;;;;;;;;;;;;;;;;;;;;;;;;;;;;;;;;;;;;;;;;;;;;;;;;;;;;;;;;;;;;;;;;;;;;;;;;;;;;;;;;;;;;;;;;;;;;;;;;;;;;;;;;;;;;;;;;;;;;;;;;;;;;;;;;;;;;;;;;;;;;;;;;;;;;;;;;;;;;;;;;;;;;;;;;;;;;;;;;;;;;;;;;;;;;;;;;;;;;;;;;;;;;;;;
215.7143E-12;50.0000E-3;25.4285E-9;550.0000E-3;325.4819E-12;300.0000E-3;27.7550E-9;550.0000E-3;200.9946E-12;550.0000E-3;29.1243E-9;550.0000E-3;163.1437E-12;800.0000E-3;29.9415E-9;550.0000E-3;330.1082E-12;1.0500E+0;32.5905E-9;550.0000E-3;;;;;;;;;;;;;;;;;;;;;;;;;;;;;;;;;;;;;;;;;;;;;;;;;;;;;;;;;;;;;;;;;;;;;;;;;;;;;;;;;;;;;;;;;;;;;;;;;;;;;;;;;;;;;;;;;;;;;;;;;;;;;;;;;;;;;;;;;;;;;;;;;;;;;;;;;;;;;;;;;;;;;;;;;;;;;;;;;;;;;;;;;;;;;;;;;;;;;;;;;;;;;;;;;;;;;;;;;;;;;;;;;;;;;;;;;;;;
266.1820E-12;50.0000E-3;25.3117E-9;555.0000E-3;263.6587E-12;300.0000E-3;27.7496E-9;555.0000E-3;231.2752E-12;550.0000E-3;29.1970E-9;555.0000E-3;63.8904E-12;800.0000E-3;30.2578E-9;555.0000E-3;262.3970E-12;1.0500E+0;32.6576E-9;555.0000E-3;;;;;;;;;;;;;;;;;;;;;;;;;;;;;;;;;;;;;;;;;;;;;;;;;;;;;;;;;;;;;;;;;;;;;;;;;;;;;;;;;;;;;;;;;;;;;;;;;;;;;;;;;;;;;;;;;;;;;;;;;;;;;;;;;;;;;;;;;;;;;;;;;;;;;;;;;;;;;;;;;;;;;;;;;;;;;;;;;;;;;;;;;;;;;;;;;;;;;;;;;;;;;;;;;;;;;;;;;;;;;;;;;;;;;;;;;;;;
183.3307E-12;50.0000E-3;25.3648E-9;560.0000E-3;253.9857E-12;300.0000E-3;27.5011E-9;560.0000E-3;261.5559E-12;550.0000E-3;29.3466E-9;560.0000E-3;83.6569E-12;800.0000E-3;30.2206E-9;560.0000E-3;260.2942E-12;1.0500E+0;32.7966E-9;560.0000E-3;;;;;;;;;;;;;;;;;;;;;;;;;;;;;;;;;;;;;;;;;;;;;;;;;;;;;;;;;;;;;;;;;;;;;;;;;;;;;;;;;;;;;;;;;;;;;;;;;;;;;;;;;;;;;;;;;;;;;;;;;;;;;;;;;;;;;;;;;;;;;;;;;;;;;;;;;;;;;;;;;;;;;;;;;;;;;;;;;;;;;;;;;;;;;;;;;;;;;;;;;;;;;;;;;;;;;;;;;;;;;;;;;;;;;;;;;;;;
138.7508E-12;50.0000E-3;25.4590E-9;565.0000E-3;301.0889E-12;300.0000E-3;27.6695E-9;565.0000E-3;222.4434E-12;550.0000E-3;29.5849E-9;565.0000E-3;103.0029E-12;800.0000E-3;30.3704E-9;565.0000E-3;253.1446E-12;1.0500E+0;32.9488E-9;565.0000E-3;;;;;;;;;;;;;;;;;;;;;;;;;;;;;;;;;;;;;;;;;;;;;;;;;;;;;;;;;;;;;;;;;;;;;;;;;;;;;;;;;;;;;;;;;;;;;;;;;;;;;;;;;;;;;;;;;;;;;;;;;;;;;;;;;;;;;;;;;;;;;;;;;;;;;;;;;;;;;;;;;;;;;;;;;;;;;;;;;;;;;;;;;;;;;;;;;;;;;;;;;;;;;;;;;;;;;;;;;;;;;;;;;;;;;;;;;;;;
129.0779E-12;50.0000E-3;25.3857E-9;570.0000E-3;261.9764E-12;300.0000E-3;27.4382E-9;570.0000E-3;192.5833E-12;550.0000E-3;29.5062E-9;570.0000E-3;179.5457E-12;800.0000E-3;30.0179E-9;570.0000E-3;171.1344E-12;1.0500E+0;32.7531E-9;570.0000E-3;;;;;;;;;;;;;;;;;;;;;;;;;;;;;;;;;;;;;;;;;;;;;;;;;;;;;;;;;;;;;;;;;;;;;;;;;;;;;;;;;;;;;;;;;;;;;;;;;;;;;;;;;;;;;;;;;;;;;;;;;;;;;;;;;;;;;;;;;;;;;;;;;;;;;;;;;;;;;;;;;;;;;;;;;;;;;;;;;;;;;;;;;;;;;;;;;;;;;;;;;;;;;;;;;;;;;;;;;;;;;;;;;;;;;;;;;;;;
220.7612E-12;50.0000E-3;25.2881E-9;575.0000E-3;185.8542E-12;300.0000E-3;27.5882E-9;575.0000E-3;256.9298E-12;550.0000E-3;29.4488E-9;575.0000E-3;244.7333E-12;800.0000E-3;29.9462E-9;575.0000E-3;193.0038E-12;1.0500E+0;32.5507E-9;575.0000E-3;;;;;;;;;;;;;;;;;;;;;;;;;;;;;;;;;;;;;;;;;;;;;;;;;;;;;;;;;;;;;;;;;;;;;;;;;;;;;;;;;;;;;;;;;;;;;;;;;;;;;;;;;;;;;;;;;;;;;;;;;;;;;;;;;;;;;;;;;;;;;;;;;;;;;;;;;;;;;;;;;;;;;;;;;;;;;;;;;;;;;;;;;;;;;;;;;;;;;;;;;;;;;;;;;;;;;;;;;;;;;;;;;;;;;;;;;;;;
278.3787E-12;50.0000E-3;25.3357E-9;580.0000E-3;232.5369E-12;300.0000E-3;27.6416E-9;580.0000E-3;207.7236E-12;550.0000E-3;29.6775E-9;580.0000E-3;227.0695E-12;800.0000E-3;30.3636E-9;580.0000E-3;139.5921E-12;1.0500E+0;32.6319E-9;580.0000E-3;;;;;;;;;;;;;;;;;;;;;;;;;;;;;;;;;;;;;;;;;;;;;;;;;;;;;;;;;;;;;;;;;;;;;;;;;;;;;;;;;;;;;;;;;;;;;;;;;;;;;;;;;;;;;;;;;;;;;;;;;;;;;;;;;;;;;;;;;;;;;;;;;;;;;;;;;;;;;;;;;;;;;;;;;;;;;;;;;;;;;;;;;;;;;;;;;;;;;;;;;;;;;;;;;;;;;;;;;;;;;;;;;;;;;;;;;;;;
280.9020E-12;50.0000E-3;25.4243E-9;585.0000E-3;226.2286E-12;300.0000E-3;27.5873E-9;585.0000E-3;223.7051E-12;550.0000E-3;29.6803E-9;585.0000E-3;158.9380E-12;800.0000E-3;30.2983E-9;585.0000E-3;145.4799E-12;1.0500E+0;32.9485E-9;585.0000E-3;;;;;;;;;;;;;;;;;;;;;;;;;;;;;;;;;;;;;;;;;;;;;;;;;;;;;;;;;;;;;;;;;;;;;;;;;;;;;;;;;;;;;;;;;;;;;;;;;;;;;;;;;;;;;;;;;;;;;;;;;;;;;;;;;;;;;;;;;;;;;;;;;;;;;;;;;;;;;;;;;;;;;;;;;;;;;;;;;;;;;;;;;;;;;;;;;;;;;;;;;;;;;;;;;;;;;;;;;;;;;;;;;;;;;;;;;;;;
245.9950E-12;50.0000E-3;25.4788E-9;590.0000E-3;326.7435E-12;300.0000E-3;27.5582E-9;590.0000E-3;211.5086E-12;550.0000E-3;29.5896E-9;590.0000E-3;144.2182E-12;800.0000E-3;30.2151E-9;590.0000E-3;184.5926E-12;1.0500E+0;32.4839E-9;590.0000E-3;;;;;;;;;;;;;;;;;;;;;;;;;;;;;;;;;;;;;;;;;;;;;;;;;;;;;;;;;;;;;;;;;;;;;;;;;;;;;;;;;;;;;;;;;;;;;;;;;;;;;;;;;;;;;;;;;;;;;;;;;;;;;;;;;;;;;;;;;;;;;;;;;;;;;;;;;;;;;;;;;;;;;;;;;;;;;;;;;;;;;;;;;;;;;;;;;;;;;;;;;;;;;;;;;;;;;;;;;;;;;;;;;;;;;;;;;;;;
288.0516E-12;50.0000E-3;25.4810E-9;595.0000E-3;124.8723E-12;300.0000E-3;27.6499E-9;595.0000E-3;164.8259E-12;550.0000E-3;29.5538E-9;595.0000E-3;94.1709E-12;800.0000E-3;30.2299E-9;595.0000E-3;290.5749E-12;1.0500E+0;32.4639E-9;595.0000E-3;;;;;;;;;;;;;;;;;;;;;;;;;;;;;;;;;;;;;;;;;;;;;;;;;;;;;;;;;;;;;;;;;;;;;;;;;;;;;;;;;;;;;;;;;;;;;;;;;;;;;;;;;;;;;;;;;;;;;;;;;;;;;;;;;;;;;;;;;;;;;;;;;;;;;;;;;;;;;;;;;;;;;;;;;;;;;;;;;;;;;;;;;;;;;;;;;;;;;;;;;;;;;;;;;;;;;;;;;;;;;;;;;;;;;;;;;;;;
219.0788E-12;50.0000E-3;25.4376E-9;600.0000E-3;173.6578E-12;300.0000E-3;27.7122E-9;600.0000E-3;212.3499E-12;550.0000E-3;29.3075E-9;600.0000E-3;141.6949E-12;800.0000E-3;30.4585E-9;600.0000E-3;296.4629E-12;1.0500E+0;33.1233E-9;600.0000E-3;;;;;;;;;;;;;;;;;;;;;;;;;;;;;;;;;;;;;;;;;;;;;;;;;;;;;;;;;;;;;;;;;;;;;;;;;;;;;;;;;;;;;;;;;;;;;;;;;;;;;;;;;;;;;;;;;;;;;;;;;;;;;;;;;;;;;;;;;;;;;;;;;;;;;;;;;;;;;;;;;;;;;;;;;;;;;;;;;;;;;;;;;;;;;;;;;;;;;;;;;;;;;;;;;;;;;;;;;;;;;;;;;;;;;;;;;;;;
264.0794E-12;50.0000E-3;25.4652E-9;605.0000E-3;261.1353E-12;300.0000E-3;27.8037E-9;605.0000E-3;188.7981E-12;550.0000E-3;29.3521E-9;605.0000E-3;220.3406E-12;800.0000E-3;30.2621E-9;605.0000E-3;341.8839E-12;1.0500E+0;33.5593E-9;605.0000E-3;;;;;;;;;;;;;;;;;;;;;;;;;;;;;;;;;;;;;;;;;;;;;;;;;;;;;;;;;;;;;;;;;;;;;;;;;;;;;;;;;;;;;;;;;;;;;;;;;;;;;;;;;;;;;;;;;;;;;;;;;;;;;;;;;;;;;;;;;;;;;;;;;;;;;;;;;;;;;;;;;;;;;;;;;;;;;;;;;;;;;;;;;;;;;;;;;;;;;;;;;;;;;;;;;;;;;;;;;;;;;;;;;;;;;;;;;;;;
196.3683E-12;50.0000E-3;25.4618E-9;610.0000E-3;141.6949E-12;300.0000E-3;27.7521E-9;610.0000E-3;225.8078E-12;550.0000E-3;29.2503E-9;610.0000E-3;226.2286E-12;800.0000E-3;30.2084E-9;610.0000E-3;276.6962E-12;1.0500E+0;33.1869E-9;610.0000E-3;;;;;;;;;;;;;;;;;;;;;;;;;;;;;;;;;;;;;;;;;;;;;;;;;;;;;;;;;;;;;;;;;;;;;;;;;;;;;;;;;;;;;;;;;;;;;;;;;;;;;;;;;;;;;;;;;;;;;;;;;;;;;;;;;;;;;;;;;;;;;;;;;;;;;;;;;;;;;;;;;;;;;;;;;;;;;;;;;;;;;;;;;;;;;;;;;;;;;;;;;;;;;;;;;;;;;;;;;;;;;;;;;;;;;;;;;;;;
214.4527E-12;50.0000E-3;25.5039E-9;615.0000E-3;191.7420E-12;300.0000E-3;27.6733E-9;615.0000E-3;120.2460E-12;550.0000E-3;29.0714E-9;615.0000E-3;167.3495E-12;800.0000E-3;30.2031E-9;615.0000E-3;270.8083E-12;1.0500E+0;33.2362E-9;615.0000E-3;;;;;;;;;;;;;;;;;;;;;;;;;;;;;;;;;;;;;;;;;;;;;;;;;;;;;;;;;;;;;;;;;;;;;;;;;;;;;;;;;;;;;;;;;;;;;;;;;;;;;;;;;;;;;;;;;;;;;;;;;;;;;;;;;;;;;;;;;;;;;;;;;;;;;;;;;;;;;;;;;;;;;;;;;;;;;;;;;;;;;;;;;;;;;;;;;;;;;;;;;;;;;;;;;;;;;;;;;;;;;;;;;;;;;;;;;;;;
199.3123E-12;50.0000E-3;25.6298E-9;620.0000E-3;154.3119E-12;300.0000E-3;27.6927E-9;620.0000E-3;197.2096E-12;550.0000E-3;29.4188E-9;620.0000E-3;118.5638E-12;800.0000E-3;30.1867E-9;620.0000E-3;266.6027E-12;1.0500E+0;33.0345E-9;620.0000E-3;;;;;;;;;;;;;;;;;;;;;;;;;;;;;;;;;;;;;;;;;;;;;;;;;;;;;;;;;;;;;;;;;;;;;;;;;;;;;;;;;;;;;;;;;;;;;;;;;;;;;;;;;;;;;;;;;;;;;;;;;;;;;;;;;;;;;;;;;;;;;;;;;;;;;;;;;;;;;;;;;;;;;;;;;;;;;;;;;;;;;;;;;;;;;;;;;;;;;;;;;;;;;;;;;;;;;;;;;;;;;;;;;;;;;;;;;;;;
106.7879E-12;50.0000E-3;25.7514E-9;625.0000E-3;240.9482E-12;300.0000E-3;27.8260E-9;625.0000E-3;190.9011E-12;550.0000E-3;29.5501E-9;625.0000E-3;115.1992E-12;800.0000E-3;30.3836E-9;625.0000E-3;184.1720E-12;1.0500E+0;33.4472E-9;625.0000E-3;;;;;;;;;;;;;;;;;;;;;;;;;;;;;;;;;;;;;;;;;;;;;;;;;;;;;;;;;;;;;;;;;;;;;;;;;;;;;;;;;;;;;;;;;;;;;;;;;;;;;;;;;;;;;;;;;;;;;;;;;;;;;;;;;;;;;;;;;;;;;;;;;;;;;;;;;;;;;;;;;;;;;;;;;;;;;;;;;;;;;;;;;;;;;;;;;;;;;;;;;;;;;;;;;;;;;;;;;;;;;;;;;;;;;;;;;;;;
190.9011E-12;50.0000E-3;25.6297E-9;630.0000E-3;94.5917E-12;300.0000E-3;27.6665E-9;630.0000E-3;147.5828E-12;550.0000E-3;29.5768E-9;630.0000E-3;198.4712E-12;800.0000E-3;30.2936E-9;630.0000E-3;128.2368E-12;1.0500E+0;33.0492E-9;630.0000E-3;;;;;;;;;;;;;;;;;;;;;;;;;;;;;;;;;;;;;;;;;;;;;;;;;;;;;;;;;;;;;;;;;;;;;;;;;;;;;;;;;;;;;;;;;;;;;;;;;;;;;;;;;;;;;;;;;;;;;;;;;;;;;;;;;;;;;;;;;;;;;;;;;;;;;;;;;;;;;;;;;;;;;;;;;;;;;;;;;;;;;;;;;;;;;;;;;;;;;;;;;;;;;;;;;;;;;;;;;;;;;;;;;;;;;;;;;;;;
178.7046E-12;50.0000E-3;25.6028E-9;635.0000E-3;208.9853E-12;300.0000E-3;27.7043E-9;635.0000E-3;206.0412E-12;550.0000E-3;29.6951E-9;635.0000E-3;211.0883E-12;800.0000E-3;30.5578E-9;635.0000E-3;63.8904E-12;1.0500E+0;32.9562E-9;635.0000E-3;;;;;;;;;;;;;;;;;;;;;;;;;;;;;;;;;;;;;;;;;;;;;;;;;;;;;;;;;;;;;;;;;;;;;;;;;;;;;;;;;;;;;;;;;;;;;;;;;;;;;;;;;;;;;;;;;;;;;;;;;;;;;;;;;;;;;;;;;;;;;;;;;;;;;;;;;;;;;;;;;;;;;;;;;;;;;;;;;;;;;;;;;;;;;;;;;;;;;;;;;;;;;;;;;;;;;;;;;;;;;;;;;;;;;;;;;;;;
196.7890E-12;50.0000E-3;25.6073E-9;640.0000E-3;208.9853E-12;300.0000E-3;27.7868E-9;640.0000E-3;240.9482E-12;550.0000E-3;29.4153E-9;640.0000E-3;208.9853E-12;800.0000E-3;30.5038E-9;640.0000E-3;209.8264E-12;1.0500E+0;32.8046E-9;640.0000E-3;;;;;;;;;;;;;;;;;;;;;;;;;;;;;;;;;;;;;;;;;;;;;;;;;;;;;;;;;;;;;;;;;;;;;;;;;;;;;;;;;;;;;;;;;;;;;;;;;;;;;;;;;;;;;;;;;;;;;;;;;;;;;;;;;;;;;;;;;;;;;;;;;;;;;;;;;;;;;;;;;;;;;;;;;;;;;;;;;;;;;;;;;;;;;;;;;;;;;;;;;;;;;;;;;;;;;;;;;;;;;;;;;;;;;;;;;;;;
193.4244E-12;50.0000E-3;25.7728E-9;645.0000E-3;177.4429E-12;300.0000E-3;27.7451E-9;645.0000E-3;203.5179E-12;550.0000E-3;29.3117E-9;645.0000E-3;134.1247E-12;800.0000E-3;30.6615E-9;645.0000E-3;206.8825E-12;1.0500E+0;32.7489E-9;645.0000E-3;;;;;;;;;;;;;;;;;;;;;;;;;;;;;;;;;;;;;;;;;;;;;;;;;;;;;;;;;;;;;;;;;;;;;;;;;;;;;;;;;;;;;;;;;;;;;;;;;;;;;;;;;;;;;;;;;;;;;;;;;;;;;;;;;;;;;;;;;;;;;;;;;;;;;;;;;;;;;;;;;;;;;;;;;;;;;;;;;;;;;;;;;;;;;;;;;;;;;;;;;;;;;;;;;;;;;;;;;;;;;;;;;;;;;;;;;;;;
302.7714E-12;50.0000E-3;25.6289E-9;650.0000E-3;224.5462E-12;300.0000E-3;27.6945E-9;650.0000E-3;245.5744E-12;550.0000E-3;29.3116E-9;650.0000E-3;92.0681E-12;800.0000E-3;30.9386E-9;650.0000E-3;211.5086E-12;1.0500E+0;33.2260E-9;650.0000E-3;;;;;;;;;;;;;;;;;;;;;;;;;;;;;;;;;;;;;;;;;;;;;;;;;;;;;;;;;;;;;;;;;;;;;;;;;;;;;;;;;;;;;;;;;;;;;;;;;;;;;;;;;;;;;;;;;;;;;;;;;;;;;;;;;;;;;;;;;;;;;;;;;;;;;;;;;;;;;;;;;;;;;;;;;;;;;;;;;;;;;;;;;;;;;;;;;;;;;;;;;;;;;;;;;;;;;;;;;;;;;;;;;;;;;;;;;;;;
225.8078E-12;50.0000E-3;25.5560E-9;655.0000E-3;216.1349E-12;300.0000E-3;27.6286E-9;655.0000E-3;214.0321E-12;550.0000E-3;29.0842E-9;655.0000E-3;153.4708E-12;800.0000E-3;30.6537E-9;655.0000E-3;225.8078E-12;1.0500E+0;32.9422E-9;655.0000E-3;;;;;;;;;;;;;;;;;;;;;;;;;;;;;;;;;;;;;;;;;;;;;;;;;;;;;;;;;;;;;;;;;;;;;;;;;;;;;;;;;;;;;;;;;;;;;;;;;;;;;;;;;;;;;;;;;;;;;;;;;;;;;;;;;;;;;;;;;;;;;;;;;;;;;;;;;;;;;;;;;;;;;;;;;;;;;;;;;;;;;;;;;;;;;;;;;;;;;;;;;;;;;;;;;;;;;;;;;;;;;;;;;;;;;;;;;;;;
253.9857E-12;50.0000E-3;25.3838E-9;660.0000E-3;256.5090E-12;300.0000E-3;27.4811E-9;660.0000E-3;166.0878E-12;550.0000E-3;29.1566E-9;660.0000E-3;59.2641E-12;800.0000E-3;30.4748E-9;660.0000E-3;283.0047E-12;1.0500E+0;32.9258E-9;660.0000E-3;;;;;;;;;;;;;;;;;;;;;;;;;;;;;;;;;;;;;;;;;;;;;;;;;;;;;;;;;;;;;;;;;;;;;;;;;;;;;;;;;;;;;;;;;;;;;;;;;;;;;;;;;;;;;;;;;;;;;;;;;;;;;;;;;;;;;;;;;;;;;;;;;;;;;;;;;;;;;;;;;;;;;;;;;;;;;;;;;;;;;;;;;;;;;;;;;;;;;;;;;;;;;;;;;;;;;;;;;;;;;;;;;;;;;;;;;;;;
203.0973E-12;50.0000E-3;25.4366E-9;665.0000E-3;192.5833E-12;300.0000E-3;27.4865E-9;665.0000E-3;276.2757E-12;550.0000E-3;29.1243E-9;665.0000E-3;90.3859E-12;800.0000E-3;30.7372E-9;665.0000E-3;235.4807E-12;1.0500E+0;32.6764E-9;665.0000E-3;;;;;;;;;;;;;;;;;;;;;;;;;;;;;;;;;;;;;;;;;;;;;;;;;;;;;;;;;;;;;;;;;;;;;;;;;;;;;;;;;;;;;;;;;;;;;;;;;;;;;;;;;;;;;;;;;;;;;;;;;;;;;;;;;;;;;;;;;;;;;;;;;;;;;;;;;;;;;;;;;;;;;;;;;;;;;;;;;;;;;;;;;;;;;;;;;;;;;;;;;;;;;;;;;;;;;;;;;;;;;;;;;;;;;;;;;;;;
244.3128E-12;50.0000E-3;25.5808E-9;670.0000E-3;206.4620E-12;300.0000E-3;27.3134E-9;670.0000E-3;233.3782E-12;550.0000E-3;29.4938E-9;670.0000E-3;137.9099E-12;800.0000E-3;30.8443E-9;670.0000E-3;218.2377E-12;1.0500E+0;32.8536E-9;670.0000E-3;;;;;;;;;;;;;;;;;;;;;;;;;;;;;;;;;;;;;;;;;;;;;;;;;;;;;;;;;;;;;;;;;;;;;;;;;;;;;;;;;;;;;;;;;;;;;;;;;;;;;;;;;;;;;;;;;;;;;;;;;;;;;;;;;;;;;;;;;;;;;;;;;;;;;;;;;;;;;;;;;;;;;;;;;;;;;;;;;;;;;;;;;;;;;;;;;;;;;;;;;;;;;;;;;;;;;;;;;;;;;;;;;;;;;;;;;;;;
183.3307E-12;50.0000E-3;25.5680E-9;675.0000E-3;236.3221E-12;300.0000E-3;27.4877E-9;675.0000E-3;219.0788E-12;550.0000E-3;29.4227E-9;675.0000E-3;170.7139E-12;800.0000E-3;30.5409E-9;675.0000E-3;260.2942E-12;1.0500E+0;32.7674E-9;675.0000E-3;;;;;;;;;;;;;;;;;;;;;;;;;;;;;;;;;;;;;;;;;;;;;;;;;;;;;;;;;;;;;;;;;;;;;;;;;;;;;;;;;;;;;;;;;;;;;;;;;;;;;;;;;;;;;;;;;;;;;;;;;;;;;;;;;;;;;;;;;;;;;;;;;;;;;;;;;;;;;;;;;;;;;;;;;;;;;;;;;;;;;;;;;;;;;;;;;;;;;;;;;;;;;;;;;;;;;;;;;;;;;;;;;;;;;;;;;;;;
171.1344E-12;50.0000E-3;25.5125E-9;680.0000E-3;208.1442E-12;300.0000E-3;27.7317E-9;680.0000E-3;275.8551E-12;550.0000E-3;28.9295E-9;680.0000E-3;229.1725E-12;800.0000E-3;30.4067E-9;680.0000E-3;176.1813E-12;1.0500E+0;32.4241E-9;680.0000E-3;;;;;;;;;;;;;;;;;;;;;;;;;;;;;;;;;;;;;;;;;;;;;;;;;;;;;;;;;;;;;;;;;;;;;;;;;;;;;;;;;;;;;;;;;;;;;;;;;;;;;;;;;;;;;;;;;;;;;;;;;;;;;;;;;;;;;;;;;;;;;;;;;;;;;;;;;;;;;;;;;;;;;;;;;;;;;;;;;;;;;;;;;;;;;;;;;;;;;;;;;;;;;;;;;;;;;;;;;;;;;;;;;;;;;;;;;;;;
267.0233E-12;50.0000E-3;25.7447E-9;685.0000E-3;201.4151E-12;300.0000E-3;27.6102E-9;685.0000E-3;235.4807E-12;550.0000E-3;28.8128E-9;685.0000E-3;187.1159E-12;800.0000E-3;30.5316E-9;685.0000E-3;176.6016E-12;1.0500E+0;32.3444E-9;685.0000E-3;;;;;;;;;;;;;;;;;;;;;;;;;;;;;;;;;;;;;;;;;;;;;;;;;;;;;;;;;;;;;;;;;;;;;;;;;;;;;;;;;;;;;;;;;;;;;;;;;;;;;;;;;;;;;;;;;;;;;;;;;;;;;;;;;;;;;;;;;;;;;;;;;;;;;;;;;;;;;;;;;;;;;;;;;;;;;;;;;;;;;;;;;;;;;;;;;;;;;;;;;;;;;;;;;;;;;;;;;;;;;;;;;;;;;;;;;;;;
345.2485E-12;50.0000E-3;25.7418E-9;690.0000E-3;259.4531E-12;300.0000E-3;27.6351E-9;690.0000E-3;222.4434E-12;550.0000E-3;28.7210E-9;690.0000E-3;183.3307E-12;800.0000E-3;30.6211E-9;690.0000E-3;185.4337E-12;1.0500E+0;32.8870E-9;690.0000E-3;;;;;;;;;;;;;;;;;;;;;;;;;;;;;;;;;;;;;;;;;;;;;;;;;;;;;;;;;;;;;;;;;;;;;;;;;;;;;;;;;;;;;;;;;;;;;;;;;;;;;;;;;;;;;;;;;;;;;;;;;;;;;;;;;;;;;;;;;;;;;;;;;;;;;;;;;;;;;;;;;;;;;;;;;;;;;;;;;;;;;;;;;;;;;;;;;;;;;;;;;;;;;;;;;;;;;;;;;;;;;;;;;;;;;;;;;;;;
251.8830E-12;50.0000E-3;25.7693E-9;695.0000E-3;146.7417E-12;300.0000E-3;27.6692E-9;695.0000E-3;212.3499E-12;550.0000E-3;29.1900E-9;695.0000E-3;277.1168E-12;800.0000E-3;30.5824E-9;695.0000E-3;141.6949E-12;1.0500E+0;32.6772E-9;695.0000E-3;;;;;;;;;;;;;;;;;;;;;;;;;;;;;;;;;;;;;;;;;;;;;;;;;;;;;;;;;;;;;;;;;;;;;;;;;;;;;;;;;;;;;;;;;;;;;;;;;;;;;;;;;;;;;;;;;;;;;;;;;;;;;;;;;;;;;;;;;;;;;;;;;;;;;;;;;;;;;;;;;;;;;;;;;;;;;;;;;;;;;;;;;;;;;;;;;;;;;;;;;;;;;;;;;;;;;;;;;;;;;;;;;;;;;;;;;;;;
298.9862E-12;50.0000E-3;25.7359E-9;700.0000E-3;279.6403E-12;300.0000E-3;27.8613E-9;700.0000E-3;218.6582E-12;550.0000E-3;29.1174E-9;700.0000E-3;118.9844E-12;800.0000E-3;30.6749E-9;700.0000E-3;217.3965E-12;1.0500E+0;32.3686E-9;700.0000E-3;;;;;;;;;;;;;;;;;;;;;;;;;;;;;;;;;;;;;;;;;;;;;;;;;;;;;;;;;;;;;;;;;;;;;;;;;;;;;;;;;;;;;;;;;;;;;;;;;;;;;;;;;;;;;;;;;;;;;;;;;;;;;;;;;;;;;;;;;;;;;;;;;;;;;;;;;;;;;;;;;;;;;;;;;;;;;;;;;;;;;;;;;;;;;;;;;;;;;;;;;;;;;;;;;;;;;;;;;;;;;;;;;;;;;;;;;;;;
376.3703E-12;50.0000E-3;25.9025E-9;705.0000E-3;221.1815E-12;300.0000E-3;27.9521E-9;705.0000E-3;166.5081E-12;550.0000E-3;28.8683E-9;705.0000E-3;222.8639E-12;800.0000E-3;30.6203E-9;705.0000E-3;237.5837E-12;1.0500E+0;32.2784E-9;705.0000E-3;;;;;;;;;;;;;;;;;;;;;;;;;;;;;;;;;;;;;;;;;;;;;;;;;;;;;;;;;;;;;;;;;;;;;;;;;;;;;;;;;;;;;;;;;;;;;;;;;;;;;;;;;;;;;;;;;;;;;;;;;;;;;;;;;;;;;;;;;;;;;;;;;;;;;;;;;;;;;;;;;;;;;;;;;;;;;;;;;;;;;;;;;;;;;;;;;;;;;;;;;;;;;;;;;;;;;;;;;;;;;;;;;;;;;;;;;;;;
300.6686E-12;50.0000E-3;26.0208E-9;710.0000E-3;92.9092E-12;300.0000E-3;27.9161E-9;710.0000E-3;217.8171E-12;550.0000E-3;28.7698E-9;710.0000E-3;175.7607E-12;800.0000E-3;30.6632E-9;710.0000E-3;221.1815E-12;1.0500E+0;32.4904E-9;710.0000E-3;;;;;;;;;;;;;;;;;;;;;;;;;;;;;;;;;;;;;;;;;;;;;;;;;;;;;;;;;;;;;;;;;;;;;;;;;;;;;;;;;;;;;;;;;;;;;;;;;;;;;;;;;;;;;;;;;;;;;;;;;;;;;;;;;;;;;;;;;;;;;;;;;;;;;;;;;;;;;;;;;;;;;;;;;;;;;;;;;;;;;;;;;;;;;;;;;;;;;;;;;;;;;;;;;;;;;;;;;;;;;;;;;;;;;;;;;;;;
219.4995E-12;50.0000E-3;25.8568E-9;715.0000E-3;159.7791E-12;300.0000E-3;27.7046E-9;715.0000E-3;266.6027E-12;550.0000E-3;28.7998E-9;715.0000E-3;32.3479E-12;800.0000E-3;30.7625E-9;715.0000E-3;308.6593E-12;1.0500E+0;32.7229E-9;715.0000E-3;;;;;;;;;;;;;;;;;;;;;;;;;;;;;;;;;;;;;;;;;;;;;;;;;;;;;;;;;;;;;;;;;;;;;;;;;;;;;;;;;;;;;;;;;;;;;;;;;;;;;;;;;;;;;;;;;;;;;;;;;;;;;;;;;;;;;;;;;;;;;;;;;;;;;;;;;;;;;;;;;;;;;;;;;;;;;;;;;;;;;;;;;;;;;;;;;;;;;;;;;;;;;;;;;;;;;;;;;;;;;;;;;;;;;;;;;;;;
233.7985E-12;50.0000E-3;25.7610E-9;720.0000E-3;254.8268E-12;300.0000E-3;27.8432E-9;720.0000E-3;222.8639E-12;550.0000E-3;28.8663E-9;720.0000E-3;98.3766E-12;800.0000E-3;30.9588E-9;720.0000E-3;279.2198E-12;1.0500E+0;32.6861E-9;720.0000E-3;;;;;;;;;;;;;;;;;;;;;;;;;;;;;;;;;;;;;;;;;;;;;;;;;;;;;;;;;;;;;;;;;;;;;;;;;;;;;;;;;;;;;;;;;;;;;;;;;;;;;;;;;;;;;;;;;;;;;;;;;;;;;;;;;;;;;;;;;;;;;;;;;;;;;;;;;;;;;;;;;;;;;;;;;;;;;;;;;;;;;;;;;;;;;;;;;;;;;;;;;;;;;;;;;;;;;;;;;;;;;;;;;;;;;;;;;;;;
126.9751E-12;50.0000E-3;25.9880E-9;725.0000E-3;226.6491E-12;300.0000E-3;27.9683E-9;725.0000E-3;148.4239E-12;550.0000E-3;28.8038E-9;725.0000E-3;54.6378E-12;800.0000E-3;30.9100E-9;725.0000E-3;177.4429E-12;1.0500E+0;33.0168E-9;725.0000E-3;;;;;;;;;;;;;;;;;;;;;;;;;;;;;;;;;;;;;;;;;;;;;;;;;;;;;;;;;;;;;;;;;;;;;;;;;;;;;;;;;;;;;;;;;;;;;;;;;;;;;;;;;;;;;;;;;;;;;;;;;;;;;;;;;;;;;;;;;;;;;;;;;;;;;;;;;;;;;;;;;;;;;;;;;;;;;;;;;;;;;;;;;;;;;;;;;;;;;;;;;;;;;;;;;;;;;;;;;;;;;;;;;;;;;;;;;;;;
248.9391E-12;50.0000E-3;25.9179E-9;730.0000E-3;297.7245E-12;300.0000E-3;27.8828E-9;730.0000E-3;179.9663E-12;550.0000E-3;28.7178E-9;730.0000E-3;192.5833E-12;800.0000E-3;31.0410E-9;730.0000E-3;264.0794E-12;1.0500E+0;32.8997E-9;730.0000E-3;;;;;;;;;;;;;;;;;;;;;;;;;;;;;;;;;;;;;;;;;;;;;;;;;;;;;;;;;;;;;;;;;;;;;;;;;;;;;;;;;;;;;;;;;;;;;;;;;;;;;;;;;;;;;;;;;;;;;;;;;;;;;;;;;;;;;;;;;;;;;;;;;;;;;;;;;;;;;;;;;;;;;;;;;;;;;;;;;;;;;;;;;;;;;;;;;;;;;;;;;;;;;;;;;;;;;;;;;;;;;;;;;;;;;;;;;;;;
120.6666E-12;50.0000E-3;25.8642E-9;735.0000E-3;198.4712E-12;300.0000E-3;27.9902E-9;735.0000E-3;191.3216E-12;550.0000E-3;28.4681E-9;735.0000E-3;221.6023E-12;800.0000E-3;31.0401E-9;735.0000E-3;183.7515E-12;1.0500E+0;33.1952E-9;735.0000E-3;;;;;;;;;;;;;;;;;;;;;;;;;;;;;;;;;;;;;;;;;;;;;;;;;;;;;;;;;;;;;;;;;;;;;;;;;;;;;;;;;;;;;;;;;;;;;;;;;;;;;;;;;;;;;;;;;;;;;;;;;;;;;;;;;;;;;;;;;;;;;;;;;;;;;;;;;;;;;;;;;;;;;;;;;;;;;;;;;;;;;;;;;;;;;;;;;;;;;;;;;;;;;;;;;;;;;;;;;;;;;;;;;;;;;;;;;;;;
110.1526E-12;50.0000E-3;25.9928E-9;740.0000E-3;91.2270E-12;300.0000E-3;27.8496E-9;740.0000E-3;246.4156E-12;550.0000E-3;28.4721E-9;740.0000E-3;310.3415E-12;800.0000E-3;30.9794E-9;740.0000E-3;89.1243E-12;1.0500E+0;33.0404E-9;740.0000E-3;;;;;;;;;;;;;;;;;;;;;;;;;;;;;;;;;;;;;;;;;;;;;;;;;;;;;;;;;;;;;;;;;;;;;;;;;;;;;;;;;;;;;;;;;;;;;;;;;;;;;;;;;;;;;;;;;;;;;;;;;;;;;;;;;;;;;;;;;;;;;;;;;;;;;;;;;;;;;;;;;;;;;;;;;;;;;;;;;;;;;;;;;;;;;;;;;;;;;;;;;;;;;;;;;;;;;;;;;;;;;;;;;;;;;;;;;;;;
264.9203E-12;50.0000E-3;26.0018E-9;745.0000E-3;214.4527E-12;300.0000E-3;27.9734E-9;745.0000E-3;238.0043E-12;550.0000E-3;28.5850E-9;745.0000E-3;254.4063E-12;800.0000E-3;31.1794E-9;745.0000E-3;140.8538E-12;1.0500E+0;33.0730E-9;745.0000E-3;;;;;;;;;;;;;;;;;;;;;;;;;;;;;;;;;;;;;;;;;;;;;;;;;;;;;;;;;;;;;;;;;;;;;;;;;;;;;;;;;;;;;;;;;;;;;;;;;;;;;;;;;;;;;;;;;;;;;;;;;;;;;;;;;;;;;;;;;;;;;;;;;;;;;;;;;;;;;;;;;;;;;;;;;;;;;;;;;;;;;;;;;;;;;;;;;;;;;;;;;;;;;;;;;;;;;;;;;;;;;;;;;;;;;;;;;;;;
297.3040E-12;50.0000E-3;26.1062E-9;750.0000E-3;167.7700E-12;300.0000E-3;27.9738E-9;750.0000E-3;320.4350E-12;550.0000E-3;28.6991E-9;750.0000E-3;277.1168E-12;800.0000E-3;31.0615E-9;750.0000E-3;195.9477E-12;1.0500E+0;32.7891E-9;750.0000E-3;;;;;;;;;;;;;;;;;;;;;;;;;;;;;;;;;;;;;;;;;;;;;;;;;;;;;;;;;;;;;;;;;;;;;;;;;;;;;;;;;;;;;;;;;;;;;;;;;;;;;;;;;;;;;;;;;;;;;;;;;;;;;;;;;;;;;;;;;;;;;;;;;;;;;;;;;;;;;;;;;;;;;;;;;;;;;;;;;;;;;;;;;;;;;;;;;;;;;;;;;;;;;;;;;;;;;;;;;;;;;;;;;;;;;;;;;;;;
209.4058E-12;50.0000E-3;26.1344E-9;755.0000E-3;231.6958E-12;300.0000E-3;27.9685E-9;755.0000E-3;253.1446E-12;550.0000E-3;28.8804E-9;755.0000E-3;238.0043E-12;800.0000E-3;31.1149E-9;755.0000E-3;196.7890E-12;1.0500E+0;32.9870E-9;755.0000E-3;;;;;;;;;;;;;;;;;;;;;;;;;;;;;;;;;;;;;;;;;;;;;;;;;;;;;;;;;;;;;;;;;;;;;;;;;;;;;;;;;;;;;;;;;;;;;;;;;;;;;;;;;;;;;;;;;;;;;;;;;;;;;;;;;;;;;;;;;;;;;;;;;;;;;;;;;;;;;;;;;;;;;;;;;;;;;;;;;;;;;;;;;;;;;;;;;;;;;;;;;;;;;;;;;;;;;;;;;;;;;;;;;;;;;;;;;;;;
187.9570E-12;50.0000E-3;26.0429E-9;760.0000E-3;224.5462E-12;300.0000E-3;28.0258E-9;760.0000E-3;190.0600E-12;550.0000E-3;28.7635E-9;760.0000E-3;202.2562E-12;800.0000E-3;31.3156E-9;760.0000E-3;174.4991E-12;1.0500E+0;33.4863E-9;760.0000E-3;;;;;;;;;;;;;;;;;;;;;;;;;;;;;;;;;;;;;;;;;;;;;;;;;;;;;;;;;;;;;;;;;;;;;;;;;;;;;;;;;;;;;;;;;;;;;;;;;;;;;;;;;;;;;;;;;;;;;;;;;;;;;;;;;;;;;;;;;;;;;;;;;;;;;;;;;;;;;;;;;;;;;;;;;;;;;;;;;;;;;;;;;;;;;;;;;;;;;;;;;;;;;;;;;;;;;;;;;;;;;;;;;;;;;;;;;;;;
284.2664E-12;50.0000E-3;26.0382E-9;765.0000E-3;131.1808E-12;300.0000E-3;27.9813E-9;765.0000E-3;249.3594E-12;550.0000E-3;28.4368E-9;765.0000E-3;235.9015E-12;800.0000E-3;31.1589E-9;765.0000E-3;290.9954E-12;1.0500E+0;33.2301E-9;765.0000E-3;;;;;;;;;;;;;;;;;;;;;;;;;;;;;;;;;;;;;;;;;;;;;;;;;;;;;;;;;;;;;;;;;;;;;;;;;;;;;;;;;;;;;;;;;;;;;;;;;;;;;;;;;;;;;;;;;;;;;;;;;;;;;;;;;;;;;;;;;;;;;;;;;;;;;;;;;;;;;;;;;;;;;;;;;;;;;;;;;;;;;;;;;;;;;;;;;;;;;;;;;;;;;;;;;;;;;;;;;;;;;;;;;;;;;;;;;;;;
362.0710E-12;50.0000E-3;25.9240E-9;770.0000E-3;212.7702E-12;300.0000E-3;27.9468E-9;770.0000E-3;230.4341E-12;550.0000E-3;28.4290E-9;770.0000E-3;115.1992E-12;800.0000E-3;31.0082E-9;770.0000E-3;267.0233E-12;1.0500E+0;33.1071E-9;770.0000E-3;;;;;;;;;;;;;;;;;;;;;;;;;;;;;;;;;;;;;;;;;;;;;;;;;;;;;;;;;;;;;;;;;;;;;;;;;;;;;;;;;;;;;;;;;;;;;;;;;;;;;;;;;;;;;;;;;;;;;;;;;;;;;;;;;;;;;;;;;;;;;;;;;;;;;;;;;;;;;;;;;;;;;;;;;;;;;;;;;;;;;;;;;;;;;;;;;;;;;;;;;;;;;;;;;;;;;;;;;;;;;;;;;;;;;;;;;;;;
195.1066E-12;50.0000E-3;26.0432E-9;775.0000E-3;249.7802E-12;300.0000E-3;27.9915E-9;775.0000E-3;256.5090E-12;550.0000E-3;28.1442E-9;775.0000E-3;58.0025E-12;800.0000E-3;30.8426E-9;775.0000E-3;194.2655E-12;1.0500E+0;32.5166E-9;775.0000E-3;;;;;;;;;;;;;;;;;;;;;;;;;;;;;;;;;;;;;;;;;;;;;;;;;;;;;;;;;;;;;;;;;;;;;;;;;;;;;;;;;;;;;;;;;;;;;;;;;;;;;;;;;;;;;;;;;;;;;;;;;;;;;;;;;;;;;;;;;;;;;;;;;;;;;;;;;;;;;;;;;;;;;;;;;;;;;;;;;;;;;;;;;;;;;;;;;;;;;;;;;;;;;;;;;;;;;;;;;;;;;;;;;;;;;;;;;;;;
44.5441E-12;50.0000E-3;25.9645E-9;780.0000E-3;195.1066E-12;300.0000E-3;27.9931E-9;780.0000E-3;307.8182E-12;550.0000E-3;28.6409E-9;780.0000E-3;169.8728E-12;800.0000E-3;31.1899E-9;780.0000E-3;247.6772E-12;1.0500E+0;33.1312E-9;780.0000E-3;;;;;;;;;;;;;;;;;;;;;;;;;;;;;;;;;;;;;;;;;;;;;;;;;;;;;;;;;;;;;;;;;;;;;;;;;;;;;;;;;;;;;;;;;;;;;;;;;;;;;;;;;;;;;;;;;;;;;;;;;;;;;;;;;;;;;;;;;;;;;;;;;;;;;;;;;;;;;;;;;;;;;;;;;;;;;;;;;;;;;;;;;;;;;;;;;;;;;;;;;;;;;;;;;;;;;;;;;;;;;;;;;;;;;;;;;;;;
145.4799E-12;50.0000E-3;26.1960E-9;785.0000E-3;142.5360E-12;300.0000E-3;28.0179E-9;785.0000E-3;330.5285E-12;550.0000E-3;28.9713E-9;785.0000E-3;147.5828E-12;800.0000E-3;30.9913E-9;785.0000E-3;193.0038E-12;1.0500E+0;33.5062E-9;785.0000E-3;;;;;;;;;;;;;;;;;;;;;;;;;;;;;;;;;;;;;;;;;;;;;;;;;;;;;;;;;;;;;;;;;;;;;;;;;;;;;;;;;;;;;;;;;;;;;;;;;;;;;;;;;;;;;;;;;;;;;;;;;;;;;;;;;;;;;;;;;;;;;;;;;;;;;;;;;;;;;;;;;;;;;;;;;;;;;;;;;;;;;;;;;;;;;;;;;;;;;;;;;;;;;;;;;;;;;;;;;;;;;;;;;;;;;;;;;;;;
170.7139E-12;50.0000E-3;26.1894E-9;790.0000E-3;150.9473E-12;300.0000E-3;27.9347E-9;790.0000E-3;261.5559E-12;550.0000E-3;28.7892E-9;790.0000E-3;155.5736E-12;800.0000E-3;30.9325E-9;790.0000E-3;188.7981E-12;1.0500E+0;33.1191E-9;790.0000E-3;;;;;;;;;;;;;;;;;;;;;;;;;;;;;;;;;;;;;;;;;;;;;;;;;;;;;;;;;;;;;;;;;;;;;;;;;;;;;;;;;;;;;;;;;;;;;;;;;;;;;;;;;;;;;;;;;;;;;;;;;;;;;;;;;;;;;;;;;;;;;;;;;;;;;;;;;;;;;;;;;;;;;;;;;;;;;;;;;;;;;;;;;;;;;;;;;;;;;;;;;;;;;;;;;;;;;;;;;;;;;;;;;;;;;;;;;;;;
201.4151E-12;50.0000E-3;26.1830E-9;795.0000E-3;193.4244E-12;300.0000E-3;27.8690E-9;795.0000E-3;283.8458E-12;550.0000E-3;29.1451E-9;795.0000E-3;153.0500E-12;800.0000E-3;31.0987E-9;795.0000E-3;129.9190E-12;1.0500E+0;33.0994E-9;795.0000E-3;;;;;;;;;;;;;;;;;;;;;;;;;;;;;;;;;;;;;;;;;;;;;;;;;;;;;;;;;;;;;;;;;;;;;;;;;;;;;;;;;;;;;;;;;;;;;;;;;;;;;;;;;;;;;;;;;;;;;;;;;;;;;;;;;;;;;;;;;;;;;;;;;;;;;;;;;;;;;;;;;;;;;;;;;;;;;;;;;;;;;;;;;;;;;;;;;;;;;;;;;;;;;;;;;;;;;;;;;;;;;;;;;;;;;;;;;;;;
201.4151E-12;50.0000E-3;26.1708E-9;800.0000E-3;166.5081E-12;300.0000E-3;27.7654E-9;800.0000E-3;234.2191E-12;550.0000E-3;28.8326E-9;800.0000E-3;254.4063E-12;800.0000E-3;31.1806E-9;800.0000E-3;186.2748E-12;1.0500E+0;33.6107E-9;800.0000E-3;;;;;;;;;;;;;;;;;;;;;;;;;;;;;;;;;;;;;;;;;;;;;;;;;;;;;;;;;;;;;;;;;;;;;;;;;;;;;;;;;;;;;;;;;;;;;;;;;;;;;;;;;;;;;;;;;;;;;;;;;;;;;;;;;;;;;;;;;;;;;;;;;;;;;;;;;;;;;;;;;;;;;;;;;;;;;;;;;;;;;;;;;;;;;;;;;;;;;;;;;;;;;;;;;;;;;;;;;;;;;;;;;;;;;;;;;;;;
335.9959E-12;50.0000E-3;26.0017E-9;805.0000E-3;122.3488E-12;300.0000E-3;27.9974E-9;805.0000E-3;296.0423E-12;550.0000E-3;29.1737E-9;805.0000E-3;383.5199E-12;800.0000E-3;30.8782E-9;805.0000E-3;268.7055E-12;1.0500E+0;33.2897E-9;805.0000E-3;;;;;;;;;;;;;;;;;;;;;;;;;;;;;;;;;;;;;;;;;;;;;;;;;;;;;;;;;;;;;;;;;;;;;;;;;;;;;;;;;;;;;;;;;;;;;;;;;;;;;;;;;;;;;;;;;;;;;;;;;;;;;;;;;;;;;;;;;;;;;;;;;;;;;;;;;;;;;;;;;;;;;;;;;;;;;;;;;;;;;;;;;;;;;;;;;;;;;;;;;;;;;;;;;;;;;;;;;;;;;;;;;;;;;;;;;;;;
428.5202E-12;50.0000E-3;26.0278E-9;810.0000E-3;169.4520E-12;300.0000E-3;28.0630E-9;810.0000E-3;293.9395E-12;550.0000E-3;28.7517E-9;810.0000E-3;307.3974E-12;800.0000E-3;30.6908E-9;810.0000E-3;251.0419E-12;1.0500E+0;33.2540E-9;810.0000E-3;;;;;;;;;;;;;;;;;;;;;;;;;;;;;;;;;;;;;;;;;;;;;;;;;;;;;;;;;;;;;;;;;;;;;;;;;;;;;;;;;;;;;;;;;;;;;;;;;;;;;;;;;;;;;;;;;;;;;;;;;;;;;;;;;;;;;;;;;;;;;;;;;;;;;;;;;;;;;;;;;;;;;;;;;;;;;;;;;;;;;;;;;;;;;;;;;;;;;;;;;;;;;;;;;;;;;;;;;;;;;;;;;;;;;;;;;;;;
349.4540E-12;50.0000E-3;26.0091E-9;815.0000E-3;147.5828E-12;300.0000E-3;28.1924E-9;815.0000E-3;236.7424E-12;550.0000E-3;28.9859E-9;815.0000E-3;158.5174E-12;800.0000E-3;30.9399E-9;815.0000E-3;230.8547E-12;1.0500E+0;33.3053E-9;815.0000E-3;;;;;;;;;;;;;;;;;;;;;;;;;;;;;;;;;;;;;;;;;;;;;;;;;;;;;;;;;;;;;;;;;;;;;;;;;;;;;;;;;;;;;;;;;;;;;;;;;;;;;;;;;;;;;;;;;;;;;;;;;;;;;;;;;;;;;;;;;;;;;;;;;;;;;;;;;;;;;;;;;;;;;;;;;;;;;;;;;;;;;;;;;;;;;;;;;;;;;;;;;;;;;;;;;;;;;;;;;;;;;;;;;;;;;;;;;;;;
238.4248E-12;50.0000E-3;26.1190E-9;820.0000E-3;179.1252E-12;300.0000E-3;28.0987E-9;820.0000E-3;231.2752E-12;550.0000E-3;29.0477E-9;820.0000E-3;167.7700E-12;800.0000E-3;31.0669E-9;820.0000E-3;285.9486E-12;1.0500E+0;33.3730E-9;820.0000E-3;;;;;;;;;;;;;;;;;;;;;;;;;;;;;;;;;;;;;;;;;;;;;;;;;;;;;;;;;;;;;;;;;;;;;;;;;;;;;;;;;;;;;;;;;;;;;;;;;;;;;;;;;;;;;;;;;;;;;;;;;;;;;;;;;;;;;;;;;;;;;;;;;;;;;;;;;;;;;;;;;;;;;;;;;;;;;;;;;;;;;;;;;;;;;;;;;;;;;;;;;;;;;;;;;;;;;;;;;;;;;;;;;;;;;;;;;;;;
276.6962E-12;50.0000E-3;25.9896E-9;825.0000E-3;169.0317E-12;300.0000E-3;28.0112E-9;825.0000E-3;273.3318E-12;550.0000E-3;29.0753E-9;825.0000E-3;197.2096E-12;800.0000E-3;30.9836E-9;825.0000E-3;349.0335E-12;1.0500E+0;33.5640E-9;825.0000E-3;;;;;;;;;;;;;;;;;;;;;;;;;;;;;;;;;;;;;;;;;;;;;;;;;;;;;;;;;;;;;;;;;;;;;;;;;;;;;;;;;;;;;;;;;;;;;;;;;;;;;;;;;;;;;;;;;;;;;;;;;;;;;;;;;;;;;;;;;;;;;;;;;;;;;;;;;;;;;;;;;;;;;;;;;;;;;;;;;;;;;;;;;;;;;;;;;;;;;;;;;;;;;;;;;;;;;;;;;;;;;;;;;;;;;;;;;;;;
273.3318E-12;50.0000E-3;26.0457E-9;830.0000E-3;121.9282E-12;300.0000E-3;27.9743E-9;830.0000E-3;235.4807E-12;550.0000E-3;29.0168E-9;830.0000E-3;112.2553E-12;800.0000E-3;30.9054E-9;830.0000E-3;161.0407E-12;1.0500E+0;33.6806E-9;830.0000E-3;;;;;;;;;;;;;;;;;;;;;;;;;;;;;;;;;;;;;;;;;;;;;;;;;;;;;;;;;;;;;;;;;;;;;;;;;;;;;;;;;;;;;;;;;;;;;;;;;;;;;;;;;;;;;;;;;;;;;;;;;;;;;;;;;;;;;;;;;;;;;;;;;;;;;;;;;;;;;;;;;;;;;;;;;;;;;;;;;;;;;;;;;;;;;;;;;;;;;;;;;;;;;;;;;;;;;;;;;;;;;;;;;;;;;;;;;;;;
158.9380E-12;50.0000E-3;26.2534E-9;835.0000E-3;220.3406E-12;300.0000E-3;28.0805E-9;835.0000E-3;247.6772E-12;550.0000E-3;28.7694E-9;835.0000E-3;210.2469E-12;800.0000E-3;31.0480E-9;835.0000E-3;220.3406E-12;1.0500E+0;33.6311E-9;835.0000E-3;;;;;;;;;;;;;;;;;;;;;;;;;;;;;;;;;;;;;;;;;;;;;;;;;;;;;;;;;;;;;;;;;;;;;;;;;;;;;;;;;;;;;;;;;;;;;;;;;;;;;;;;;;;;;;;;;;;;;;;;;;;;;;;;;;;;;;;;;;;;;;;;;;;;;;;;;;;;;;;;;;;;;;;;;;;;;;;;;;;;;;;;;;;;;;;;;;;;;;;;;;;;;;;;;;;;;;;;;;;;;;;;;;;;;;;;;;;;
206.0412E-12;50.0000E-3;26.1802E-9;840.0000E-3;150.9473E-12;300.0000E-3;27.9794E-9;840.0000E-3;230.0136E-12;550.0000E-3;29.0973E-9;840.0000E-3;211.5086E-12;800.0000E-3;31.2547E-9;840.0000E-3;215.2938E-12;1.0500E+0;34.2433E-9;840.0000E-3;;;;;;;;;;;;;;;;;;;;;;;;;;;;;;;;;;;;;;;;;;;;;;;;;;;;;;;;;;;;;;;;;;;;;;;;;;;;;;;;;;;;;;;;;;;;;;;;;;;;;;;;;;;;;;;;;;;;;;;;;;;;;;;;;;;;;;;;;;;;;;;;;;;;;;;;;;;;;;;;;;;;;;;;;;;;;;;;;;;;;;;;;;;;;;;;;;;;;;;;;;;;;;;;;;;;;;;;;;;;;;;;;;;;;;;;;;;;
174.9194E-12;50.0000E-3;26.4681E-9;845.0000E-3;170.2933E-12;300.0000E-3;28.0175E-9;845.0000E-3;223.7051E-12;550.0000E-3;29.1520E-9;845.0000E-3;124.8723E-12;800.0000E-3;31.3135E-9;845.0000E-3;253.1446E-12;1.0500E+0;34.4091E-9;845.0000E-3;;;;;;;;;;;;;;;;;;;;;;;;;;;;;;;;;;;;;;;;;;;;;;;;;;;;;;;;;;;;;;;;;;;;;;;;;;;;;;;;;;;;;;;;;;;;;;;;;;;;;;;;;;;;;;;;;;;;;;;;;;;;;;;;;;;;;;;;;;;;;;;;;;;;;;;;;;;;;;;;;;;;;;;;;;;;;;;;;;;;;;;;;;;;;;;;;;;;;;;;;;;;;;;;;;;;;;;;;;;;;;;;;;;;;;;;;;;;
207.3031E-12;50.0000E-3;26.2726E-9;850.0000E-3;193.0038E-12;300.0000E-3;28.0908E-9;850.0000E-3;259.4531E-12;550.0000E-3;29.0168E-9;850.0000E-3;246.4156E-12;800.0000E-3;30.9915E-9;850.0000E-3;220.7612E-12;1.0500E+0;34.4767E-9;850.0000E-3;;;;;;;;;;;;;;;;;;;;;;;;;;;;;;;;;;;;;;;;;;;;;;;;;;;;;;;;;;;;;;;;;;;;;;;;;;;;;;;;;;;;;;;;;;;;;;;;;;;;;;;;;;;;;;;;;;;;;;;;;;;;;;;;;;;;;;;;;;;;;;;;;;;;;;;;;;;;;;;;;;;;;;;;;;;;;;;;;;;;;;;;;;;;;;;;;;;;;;;;;;;;;;;;;;;;;;;;;;;;;;;;;;;;;;;;;;;;
150.5267E-12;50.0000E-3;26.1653E-9;855.0000E-3;166.0878E-12;300.0000E-3;27.9862E-9;855.0000E-3;219.4995E-12;550.0000E-3;29.1782E-9;855.0000E-3;143.7979E-12;800.0000E-3;30.8474E-9;855.0000E-3;186.2748E-12;1.0500E+0;34.0064E-9;855.0000E-3;;;;;;;;;;;;;;;;;;;;;;;;;;;;;;;;;;;;;;;;;;;;;;;;;;;;;;;;;;;;;;;;;;;;;;;;;;;;;;;;;;;;;;;;;;;;;;;;;;;;;;;;;;;;;;;;;;;;;;;;;;;;;;;;;;;;;;;;;;;;;;;;;;;;;;;;;;;;;;;;;;;;;;;;;;;;;;;;;;;;;;;;;;;;;;;;;;;;;;;;;;;;;;;;;;;;;;;;;;;;;;;;;;;;;;;;;;;;
231.2752E-12;50.0000E-3;26.1346E-9;860.0000E-3;200.5740E-12;300.0000E-3;28.0808E-9;860.0000E-3;125.7134E-12;550.0000E-3;29.2422E-9;860.0000E-3;255.6682E-12;800.0000E-3;31.1389E-9;860.0000E-3;285.9486E-12;1.0500E+0;33.9314E-9;860.0000E-3;;;;;;;;;;;;;;;;;;;;;;;;;;;;;;;;;;;;;;;;;;;;;;;;;;;;;;;;;;;;;;;;;;;;;;;;;;;;;;;;;;;;;;;;;;;;;;;;;;;;;;;;;;;;;;;;;;;;;;;;;;;;;;;;;;;;;;;;;;;;;;;;;;;;;;;;;;;;;;;;;;;;;;;;;;;;;;;;;;;;;;;;;;;;;;;;;;;;;;;;;;;;;;;;;;;;;;;;;;;;;;;;;;;;;;;;;;;;
321.2761E-12;50.0000E-3;26.1651E-9;865.0000E-3;151.3678E-12;300.0000E-3;28.4611E-9;865.0000E-3;149.2650E-12;550.0000E-3;29.2143E-9;865.0000E-3;213.1910E-12;800.0000E-3;31.2213E-9;865.0000E-3;142.1154E-12;1.0500E+0;34.4165E-9;865.0000E-3;;;;;;;;;;;;;;;;;;;;;;;;;;;;;;;;;;;;;;;;;;;;;;;;;;;;;;;;;;;;;;;;;;;;;;;;;;;;;;;;;;;;;;;;;;;;;;;;;;;;;;;;;;;;;;;;;;;;;;;;;;;;;;;;;;;;;;;;;;;;;;;;;;;;;;;;;;;;;;;;;;;;;;;;;;;;;;;;;;;;;;;;;;;;;;;;;;;;;;;;;;;;;;;;;;;;;;;;;;;;;;;;;;;;;;;;;;;;
352.3981E-12;50.0000E-3;26.1016E-9;870.0000E-3;125.2929E-12;300.0000E-3;28.0911E-9;870.0000E-3;251.8830E-12;550.0000E-3;29.0644E-9;870.0000E-3;128.2368E-12;800.0000E-3;31.2130E-9;870.0000E-3;95.0120E-12;1.0500E+0;34.0753E-9;870.0000E-3;;;;;;;;;;;;;;;;;;;;;;;;;;;;;;;;;;;;;;;;;;;;;;;;;;;;;;;;;;;;;;;;;;;;;;;;;;;;;;;;;;;;;;;;;;;;;;;;;;;;;;;;;;;;;;;;;;;;;;;;;;;;;;;;;;;;;;;;;;;;;;;;;;;;;;;;;;;;;;;;;;;;;;;;;;;;;;;;;;;;;;;;;;;;;;;;;;;;;;;;;;;;;;;;;;;;;;;;;;;;;;;;;;;;;;;;;;;;
338.9398E-12;50.0000E-3;26.2602E-9;875.0000E-3;185.8542E-12;300.0000E-3;28.2474E-9;875.0000E-3;195.5274E-12;550.0000E-3;29.3526E-9;875.0000E-3;164.4054E-12;800.0000E-3;31.3545E-9;875.0000E-3;315.8089E-12;1.0500E+0;34.5028E-9;875.0000E-3;;;;;;;;;;;;;;;;;;;;;;;;;;;;;;;;;;;;;;;;;;;;;;;;;;;;;;;;;;;;;;;;;;;;;;;;;;;;;;;;;;;;;;;;;;;;;;;;;;;;;;;;;;;;;;;;;;;;;;;;;;;;;;;;;;;;;;;;;;;;;;;;;;;;;;;;;;;;;;;;;;;;;;;;;;;;;;;;;;;;;;;;;;;;;;;;;;;;;;;;;;;;;;;;;;;;;;;;;;;;;;;;;;;;;;;;;;;;
261.1353E-12;50.0000E-3;26.1944E-9;880.0000E-3;164.4054E-12;300.0000E-3;28.1157E-9;880.0000E-3;136.2275E-12;550.0000E-3;29.2722E-9;880.0000E-3;84.9187E-12;800.0000E-3;31.5601E-9;880.0000E-3;250.6211E-12;1.0500E+0;34.4226E-9;880.0000E-3;;;;;;;;;;;;;;;;;;;;;;;;;;;;;;;;;;;;;;;;;;;;;;;;;;;;;;;;;;;;;;;;;;;;;;;;;;;;;;;;;;;;;;;;;;;;;;;;;;;;;;;;;;;;;;;;;;;;;;;;;;;;;;;;;;;;;;;;;;;;;;;;;;;;;;;;;;;;;;;;;;;;;;;;;;;;;;;;;;;;;;;;;;;;;;;;;;;;;;;;;;;;;;;;;;;;;;;;;;;;;;;;;;;;;;;;;;;;
233.7985E-12;50.0000E-3;26.2247E-9;885.0000E-3;142.5360E-12;300.0000E-3;28.1320E-9;885.0000E-3;211.9291E-12;550.0000E-3;29.0520E-9;885.0000E-3;190.4803E-12;800.0000E-3;31.2600E-9;885.0000E-3;220.7612E-12;1.0500E+0;33.7908E-9;885.0000E-3;;;;;;;;;;;;;;;;;;;;;;;;;;;;;;;;;;;;;;;;;;;;;;;;;;;;;;;;;;;;;;;;;;;;;;;;;;;;;;;;;;;;;;;;;;;;;;;;;;;;;;;;;;;;;;;;;;;;;;;;;;;;;;;;;;;;;;;;;;;;;;;;;;;;;;;;;;;;;;;;;;;;;;;;;;;;;;;;;;;;;;;;;;;;;;;;;;;;;;;;;;;;;;;;;;;;;;;;;;;;;;;;;;;;;;;;;;;;
203.0973E-12;50.0000E-3;26.1898E-9;890.0000E-3;166.5081E-12;300.0000E-3;28.0910E-9;890.0000E-3;216.5554E-12;550.0000E-3;29.0171E-9;890.0000E-3;111.4142E-12;800.0000E-3;31.0092E-9;890.0000E-3;214.4527E-12;1.0500E+0;34.2101E-9;890.0000E-3;;;;;;;;;;;;;;;;;;;;;;;;;;;;;;;;;;;;;;;;;;;;;;;;;;;;;;;;;;;;;;;;;;;;;;;;;;;;;;;;;;;;;;;;;;;;;;;;;;;;;;;;;;;;;;;;;;;;;;;;;;;;;;;;;;;;;;;;;;;;;;;;;;;;;;;;;;;;;;;;;;;;;;;;;;;;;;;;;;;;;;;;;;;;;;;;;;;;;;;;;;;;;;;;;;;;;;;;;;;;;;;;;;;;;;;;;;;;
91.6476E-12;50.0000E-3;26.4242E-9;895.0000E-3;169.4520E-12;300.0000E-3;28.0541E-9;895.0000E-3;172.8166E-12;550.0000E-3;29.0028E-9;895.0000E-3;88.7037E-12;800.0000E-3;30.8582E-9;895.0000E-3;179.5457E-12;1.0500E+0;33.4899E-9;895.0000E-3;;;;;;;;;;;;;;;;;;;;;;;;;;;;;;;;;;;;;;;;;;;;;;;;;;;;;;;;;;;;;;;;;;;;;;;;;;;;;;;;;;;;;;;;;;;;;;;;;;;;;;;;;;;;;;;;;;;;;;;;;;;;;;;;;;;;;;;;;;;;;;;;;;;;;;;;;;;;;;;;;;;;;;;;;;;;;;;;;;;;;;;;;;;;;;;;;;;;;;;;;;;;;;;;;;;;;;;;;;;;;;;;;;;;;;;;;;;;
131.1808E-12;50.0000E-3;26.3981E-9;900.0000E-3;259.0324E-12;300.0000E-3;28.0654E-9;900.0000E-3;233.3782E-12;550.0000E-3;28.9688E-9;900.0000E-3;143.7979E-12;800.0000E-3;30.9650E-9;900.0000E-3;153.0500E-12;1.0500E+0;33.4073E-9;900.0000E-3;;;;;;;;;;;;;;;;;;;;;;;;;;;;;;;;;;;;;;;;;;;;;;;;;;;;;;;;;;;;;;;;;;;;;;;;;;;;;;;;;;;;;;;;;;;;;;;;;;;;;;;;;;;;;;;;;;;;;;;;;;;;;;;;;;;;;;;;;;;;;;;;;;;;;;;;;;;;;;;;;;;;;;;;;;;;;;;;;;;;;;;;;;;;;;;;;;;;;;;;;;;;;;;;;;;;;;;;;;;;;;;;;;;;;;;;;;;;
183.7515E-12;50.0000E-3;26.3728E-9;905.0000E-3;169.0317E-12;300.0000E-3;28.3620E-9;905.0000E-3;230.0136E-12;550.0000E-3;28.8585E-9;905.0000E-3;303.6125E-12;800.0000E-3;30.9865E-9;905.0000E-3;60.9464E-12;1.0500E+0;33.1491E-9;905.0000E-3;;;;;;;;;;;;;;;;;;;;;;;;;;;;;;;;;;;;;;;;;;;;;;;;;;;;;;;;;;;;;;;;;;;;;;;;;;;;;;;;;;;;;;;;;;;;;;;;;;;;;;;;;;;;;;;;;;;;;;;;;;;;;;;;;;;;;;;;;;;;;;;;;;;;;;;;;;;;;;;;;;;;;;;;;;;;;;;;;;;;;;;;;;;;;;;;;;;;;;;;;;;;;;;;;;;;;;;;;;;;;;;;;;;;;;;;;;;;
262.3970E-12;50.0000E-3;26.3197E-9;910.0000E-3;243.8922E-12;300.0000E-3;28.4844E-9;910.0000E-3;215.2938E-12;550.0000E-3;29.0988E-9;910.0000E-3;217.8171E-12;800.0000E-3;30.9379E-9;910.0000E-3;116.0403E-12;1.0500E+0;33.2703E-9;910.0000E-3;;;;;;;;;;;;;;;;;;;;;;;;;;;;;;;;;;;;;;;;;;;;;;;;;;;;;;;;;;;;;;;;;;;;;;;;;;;;;;;;;;;;;;;;;;;;;;;;;;;;;;;;;;;;;;;;;;;;;;;;;;;;;;;;;;;;;;;;;;;;;;;;;;;;;;;;;;;;;;;;;;;;;;;;;;;;;;;;;;;;;;;;;;;;;;;;;;;;;;;;;;;;;;;;;;;;;;;;;;;;;;;;;;;;;;;;;;;;
262.8178E-12;50.0000E-3;26.4821E-9;915.0000E-3;184.5926E-12;300.0000E-3;28.1154E-9;915.0000E-3;137.0686E-12;550.0000E-3;29.3131E-9;915.0000E-3;98.3766E-12;800.0000E-3;31.1896E-9;915.0000E-3;190.9011E-12;1.0500E+0;33.5189E-9;915.0000E-3;;;;;;;;;;;;;;;;;;;;;;;;;;;;;;;;;;;;;;;;;;;;;;;;;;;;;;;;;;;;;;;;;;;;;;;;;;;;;;;;;;;;;;;;;;;;;;;;;;;;;;;;;;;;;;;;;;;;;;;;;;;;;;;;;;;;;;;;;;;;;;;;;;;;;;;;;;;;;;;;;;;;;;;;;;;;;;;;;;;;;;;;;;;;;;;;;;;;;;;;;;;;;;;;;;;;;;;;;;;;;;;;;;;;;;;;;;;;
312.0237E-12;50.0000E-3;26.6023E-9;920.0000E-3;170.7139E-12;300.0000E-3;28.1527E-9;920.0000E-3;190.9011E-12;550.0000E-3;28.9392E-9;920.0000E-3;235.0604E-12;800.0000E-3;31.0709E-9;920.0000E-3;313.7060E-12;1.0500E+0;33.2732E-9;920.0000E-3;;;;;;;;;;;;;;;;;;;;;;;;;;;;;;;;;;;;;;;;;;;;;;;;;;;;;;;;;;;;;;;;;;;;;;;;;;;;;;;;;;;;;;;;;;;;;;;;;;;;;;;;;;;;;;;;;;;;;;;;;;;;;;;;;;;;;;;;;;;;;;;;;;;;;;;;;;;;;;;;;;;;;;;;;;;;;;;;;;;;;;;;;;;;;;;;;;;;;;;;;;;;;;;;;;;;;;;;;;;;;;;;;;;;;;;;;;;;
277.9579E-12;50.0000E-3;26.6004E-9;925.0000E-3;213.6116E-12;300.0000E-3;28.1536E-9;925.0000E-3;239.6865E-12;550.0000E-3;28.9850E-9;925.0000E-3;271.2290E-12;800.0000E-3;31.1383E-9;925.0000E-3;312.0237E-12;1.0500E+0;33.4942E-9;925.0000E-3;;;;;;;;;;;;;;;;;;;;;;;;;;;;;;;;;;;;;;;;;;;;;;;;;;;;;;;;;;;;;;;;;;;;;;;;;;;;;;;;;;;;;;;;;;;;;;;;;;;;;;;;;;;;;;;;;;;;;;;;;;;;;;;;;;;;;;;;;;;;;;;;;;;;;;;;;;;;;;;;;;;;;;;;;;;;;;;;;;;;;;;;;;;;;;;;;;;;;;;;;;;;;;;;;;;;;;;;;;;;;;;;;;;;;;;;;;;;
335.1548E-12;50.0000E-3;26.2925E-9;930.0000E-3;196.7890E-12;300.0000E-3;27.9142E-9;930.0000E-3;225.8078E-12;550.0000E-3;28.9973E-9;930.0000E-3;161.4615E-12;800.0000E-3;31.4656E-9;930.0000E-3;369.6412E-12;1.0500E+0;33.5432E-9;930.0000E-3;;;;;;;;;;;;;;;;;;;;;;;;;;;;;;;;;;;;;;;;;;;;;;;;;;;;;;;;;;;;;;;;;;;;;;;;;;;;;;;;;;;;;;;;;;;;;;;;;;;;;;;;;;;;;;;;;;;;;;;;;;;;;;;;;;;;;;;;;;;;;;;;;;;;;;;;;;;;;;;;;;;;;;;;;;;;;;;;;;;;;;;;;;;;;;;;;;;;;;;;;;;;;;;;;;;;;;;;;;;;;;;;;;;;;;;;;;;;
244.7333E-12;50.0000E-3;26.3064E-9;935.0000E-3;152.6295E-12;300.0000E-3;27.7845E-9;935.0000E-3;179.1252E-12;550.0000E-3;28.9939E-9;935.0000E-3;144.2182E-12;800.0000E-3;31.1920E-9;935.0000E-3;425.1557E-12;1.0500E+0;33.3743E-9;935.0000E-3;;;;;;;;;;;;;;;;;;;;;;;;;;;;;;;;;;;;;;;;;;;;;;;;;;;;;;;;;;;;;;;;;;;;;;;;;;;;;;;;;;;;;;;;;;;;;;;;;;;;;;;;;;;;;;;;;;;;;;;;;;;;;;;;;;;;;;;;;;;;;;;;;;;;;;;;;;;;;;;;;;;;;;;;;;;;;;;;;;;;;;;;;;;;;;;;;;;;;;;;;;;;;;;;;;;;;;;;;;;;;;;;;;;;;;;;;;;;
206.0412E-12;50.0000E-3;26.3650E-9;940.0000E-3;232.1165E-12;300.0000E-3;27.9112E-9;940.0000E-3;211.9291E-12;550.0000E-3;29.2455E-9;940.0000E-3;196.3683E-12;800.0000E-3;31.5707E-9;940.0000E-3;302.7714E-12;1.0500E+0;33.3351E-9;940.0000E-3;;;;;;;;;;;;;;;;;;;;;;;;;;;;;;;;;;;;;;;;;;;;;;;;;;;;;;;;;;;;;;;;;;;;;;;;;;;;;;;;;;;;;;;;;;;;;;;;;;;;;;;;;;;;;;;;;;;;;;;;;;;;;;;;;;;;;;;;;;;;;;;;;;;;;;;;;;;;;;;;;;;;;;;;;;;;;;;;;;;;;;;;;;;;;;;;;;;;;;;;;;;;;;;;;;;;;;;;;;;;;;;;;;;;;;;;;;;;
217.8171E-12;50.0000E-3;26.4492E-9;945.0000E-3;126.1340E-12;300.0000E-3;27.7548E-9;945.0000E-3;238.0043E-12;550.0000E-3;29.2242E-9;945.0000E-3;240.5278E-12;800.0000E-3;31.0125E-9;945.0000E-3;231.6958E-12;1.0500E+0;32.9625E-9;945.0000E-3;;;;;;;;;;;;;;;;;;;;;;;;;;;;;;;;;;;;;;;;;;;;;;;;;;;;;;;;;;;;;;;;;;;;;;;;;;;;;;;;;;;;;;;;;;;;;;;;;;;;;;;;;;;;;;;;;;;;;;;;;;;;;;;;;;;;;;;;;;;;;;;;;;;;;;;;;;;;;;;;;;;;;;;;;;;;;;;;;;;;;;;;;;;;;;;;;;;;;;;;;;;;;;;;;;;;;;;;;;;;;;;;;;;;;;;;;;;;
288.8927E-12;50.0000E-3;26.3245E-9;950.0000E-3;154.3119E-12;300.0000E-3;27.8565E-9;950.0000E-3;193.0038E-12;550.0000E-3;29.2399E-9;950.0000E-3;129.9190E-12;800.0000E-3;31.2345E-9;950.0000E-3;184.5926E-12;1.0500E+0;32.8572E-9;950.0000E-3;;;;;;;;;;;;;;;;;;;;;;;;;;;;;;;;;;;;;;;;;;;;;;;;;;;;;;;;;;;;;;;;;;;;;;;;;;;;;;;;;;;;;;;;;;;;;;;;;;;;;;;;;;;;;;;;;;;;;;;;;;;;;;;;;;;;;;;;;;;;;;;;;;;;;;;;;;;;;;;;;;;;;;;;;;;;;;;;;;;;;;;;;;;;;;;;;;;;;;;;;;;;;;;;;;;;;;;;;;;;;;;;;;;;;;;;;;;;
244.7333E-12;50.0000E-3;26.0103E-9;955.0000E-3;177.0224E-12;300.0000E-3;27.8573E-9;955.0000E-3;240.5278E-12;550.0000E-3;29.1966E-9;955.0000E-3;191.7420E-12;800.0000E-3;31.2021E-9;955.0000E-3;139.1716E-12;1.0500E+0;32.6944E-9;955.0000E-3;;;;;;;;;;;;;;;;;;;;;;;;;;;;;;;;;;;;;;;;;;;;;;;;;;;;;;;;;;;;;;;;;;;;;;;;;;;;;;;;;;;;;;;;;;;;;;;;;;;;;;;;;;;;;;;;;;;;;;;;;;;;;;;;;;;;;;;;;;;;;;;;;;;;;;;;;;;;;;;;;;;;;;;;;;;;;;;;;;;;;;;;;;;;;;;;;;;;;;;;;;;;;;;;;;;;;;;;;;;;;;;;;;;;;;;;;;;;
104.6851E-12;50.0000E-3;26.0975E-9;960.0000E-3;225.3873E-12;300.0000E-3;27.9649E-9;960.0000E-3;223.7051E-12;550.0000E-3;29.3406E-9;960.0000E-3;325.4819E-12;800.0000E-3;31.3241E-9;960.0000E-3;261.1353E-12;1.0500E+0;32.9330E-9;960.0000E-3;;;;;;;;;;;;;;;;;;;;;;;;;;;;;;;;;;;;;;;;;;;;;;;;;;;;;;;;;;;;;;;;;;;;;;;;;;;;;;;;;;;;;;;;;;;;;;;;;;;;;;;;;;;;;;;;;;;;;;;;;;;;;;;;;;;;;;;;;;;;;;;;;;;;;;;;;;;;;;;;;;;;;;;;;;;;;;;;;;;;;;;;;;;;;;;;;;;;;;;;;;;;;;;;;;;;;;;;;;;;;;;;;;;;;;;;;;;;
255.2474E-12;50.0000E-3;26.0740E-9;965.0000E-3;87.0213E-12;300.0000E-3;28.0248E-9;965.0000E-3;230.8547E-12;550.0000E-3;29.5108E-9;965.0000E-3;209.8264E-12;800.0000E-3;31.2398E-9;965.0000E-3;224.9667E-12;1.0500E+0;32.8797E-9;965.0000E-3;;;;;;;;;;;;;;;;;;;;;;;;;;;;;;;;;;;;;;;;;;;;;;;;;;;;;;;;;;;;;;;;;;;;;;;;;;;;;;;;;;;;;;;;;;;;;;;;;;;;;;;;;;;;;;;;;;;;;;;;;;;;;;;;;;;;;;;;;;;;;;;;;;;;;;;;;;;;;;;;;;;;;;;;;;;;;;;;;;;;;;;;;;;;;;;;;;;;;;;;;;;;;;;;;;;;;;;;;;;;;;;;;;;;;;;;;;;;
291.8366E-12;50.0000E-3;26.4005E-9;970.0000E-3;217.3965E-12;300.0000E-3;28.1401E-9;970.0000E-3;223.2845E-12;550.0000E-3;29.4345E-9;970.0000E-3;179.1252E-12;800.0000E-3;30.6985E-9;970.0000E-3;249.3594E-12;1.0500E+0;32.8976E-9;970.0000E-3;;;;;;;;;;;;;;;;;;;;;;;;;;;;;;;;;;;;;;;;;;;;;;;;;;;;;;;;;;;;;;;;;;;;;;;;;;;;;;;;;;;;;;;;;;;;;;;;;;;;;;;;;;;;;;;;;;;;;;;;;;;;;;;;;;;;;;;;;;;;;;;;;;;;;;;;;;;;;;;;;;;;;;;;;;;;;;;;;;;;;;;;;;;;;;;;;;;;;;;;;;;;;;;;;;;;;;;;;;;;;;;;;;;;;;;;;;;;
354.0803E-12;50.0000E-3;26.4268E-9;975.0000E-3;193.8449E-12;300.0000E-3;28.3163E-9;975.0000E-3;153.0500E-12;550.0000E-3;29.7332E-9;975.0000E-3;122.3488E-12;800.0000E-3;30.6452E-9;975.0000E-3;242.6304E-12;1.0500E+0;32.9596E-9;975.0000E-3;;;;;;;;;;;;;;;;;;;;;;;;;;;;;;;;;;;;;;;;;;;;;;;;;;;;;;;;;;;;;;;;;;;;;;;;;;;;;;;;;;;;;;;;;;;;;;;;;;;;;;;;;;;;;;;;;;;;;;;;;;;;;;;;;;;;;;;;;;;;;;;;;;;;;;;;;;;;;;;;;;;;;;;;;;;;;;;;;;;;;;;;;;;;;;;;;;;;;;;;;;;;;;;;;;;;;;;;;;;;;;;;;;;;;;;;;;;;
231.2752E-12;50.0000E-3;26.5675E-9;980.0000E-3;243.0511E-12;300.0000E-3;28.3430E-9;980.0000E-3;123.6105E-12;550.0000E-3;29.5620E-9;980.0000E-3;206.0412E-12;800.0000E-3;30.7539E-9;980.0000E-3;177.0224E-12;1.0500E+0;32.7203E-9;980.0000E-3;;;;;;;;;;;;;;;;;;;;;;;;;;;;;;;;;;;;;;;;;;;;;;;;;;;;;;;;;;;;;;;;;;;;;;;;;;;;;;;;;;;;;;;;;;;;;;;;;;;;;;;;;;;;;;;;;;;;;;;;;;;;;;;;;;;;;;;;;;;;;;;;;;;;;;;;;;;;;;;;;;;;;;;;;;;;;;;;;;;;;;;;;;;;;;;;;;;;;;;;;;;;;;;;;;;;;;;;;;;;;;;;;;;;;;;;;;;;
253.1446E-12;50.0000E-3;26.3807E-9;985.0000E-3;195.9477E-12;300.0000E-3;28.3591E-9;985.0000E-3;118.5638E-12;550.0000E-3;29.5662E-9;985.0000E-3;63.0491E-12;800.0000E-3;30.5958E-9;985.0000E-3;221.6023E-12;1.0500E+0;32.6415E-9;985.0000E-3;;;;;;;;;;;;;;;;;;;;;;;;;;;;;;;;;;;;;;;;;;;;;;;;;;;;;;;;;;;;;;;;;;;;;;;;;;;;;;;;;;;;;;;;;;;;;;;;;;;;;;;;;;;;;;;;;;;;;;;;;;;;;;;;;;;;;;;;;;;;;;;;;;;;;;;;;;;;;;;;;;;;;;;;;;;;;;;;;;;;;;;;;;;;;;;;;;;;;;;;;;;;;;;;;;;;;;;;;;;;;;;;;;;;;;;;;;;;
343.9868E-12;50.0000E-3;26.6309E-9;990.0000E-3;180.3868E-12;300.0000E-3;28.0652E-9;990.0000E-3;100.4794E-12;550.0000E-3;29.6643E-9;990.0000E-3;91.2270E-12;800.0000E-3;30.5806E-9;990.0000E-3;297.3040E-12;1.0500E+0;33.2574E-9;990.0000E-3;;;;;;;;;;;;;;;;;;;;;;;;;;;;;;;;;;;;;;;;;;;;;;;;;;;;;;;;;;;;;;;;;;;;;;;;;;;;;;;;;;;;;;;;;;;;;;;;;;;;;;;;;;;;;;;;;;;;;;;;;;;;;;;;;;;;;;;;;;;;;;;;;;;;;;;;;;;;;;;;;;;;;;;;;;;;;;;;;;;;;;;;;;;;;;;;;;;;;;;;;;;;;;;;;;;;;;;;;;;;;;;;;;;;;;;;;;;;
234.2191E-12;50.0000E-3;26.5665E-9;995.0000E-3;231.2752E-12;300.0000E-3;28.4425E-9;995.0000E-3;105.9468E-12;550.0000E-3;29.7922E-9;995.0000E-3;44.5441E-12;800.0000E-3;31.0659E-9;995.0000E-3;230.0136E-12;1.0500E+0;33.2972E-9;995.0000E-3;;;;;;;;;;;;;;;;;;;;;;;;;;;;;;;;;;;;;;;;;;;;;;;;;;;;;;;;;;;;;;;;;;;;;;;;;;;;;;;;;;;;;;;;;;;;;;;;;;;;;;;;;;;;;;;;;;;;;;;;;;;;;;;;;;;;;;;;;;;;;;;;;;;;;;;;;;;;;;;;;;;;;;;;;;;;;;;;;;;;;;;;;;;;;;;;;;;;;;;;;;;;;;;;;;;;;;;;;;;;;;;;;;;;;;;;;;;;
117.7225E-12;50.0000E-3;26.6992E-9;1.0000E+0;198.4712E-12;300.0000E-3;28.7567E-9;1.0000E+0;148.4239E-12;550.0000E-3;29.2460E-9;1.0000E+0;-22.7462E-12;800.0000E-3;31.1326E-9;1.0000E+0;327.1641E-12;1.0500E+0;33.2246E-9;1.0000E+0;;;;;;;;;;;;;;;;;;;;;;;;;;;;;;;;;;;;;;;;;;;;;;;;;;;;;;;;;;;;;;;;;;;;;;;;;;;;;;;;;;;;;;;;;;;;;;;;;;;;;;;;;;;;;;;;;;;;;;;;;;;;;;;;;;;;;;;;;;;;;;;;;;;;;;;;;;;;;;;;;;;;;;;;;;;;;;;;;;;;;;;;;;;;;;;;;;;;;;;;;;;;;;;;;;;;;;;;;;;;;;;;;;;;;;;;;;;;
